kappa,alpha,gap
0.0,0.61,0.61675
0.0,0.61,0.20932
0.0,0.61,0.1707
0.0,0.61,0.58713
0.0,0.61,0.73062
0.0,0.61,0.81802
0.0,0.61,0.139
0.0,0.61,0.34259
0.0,0.61,0.73479
0.0,0.61,1.4236
0.0,0.61,2.13128
0.0,0.61,0.16343
0.0,0.61,0.59591
0.0,0.61,0.72338
0.0,0.61,0.29986
0.0,0.61,1.00069
0.0,0.61,0.28053
0.0,0.61,1.50307
0.0,0.61,0.14052
0.0,0.61,0.53495
0.0,0.61,0.02502
0.0,0.61,0.61747
0.0,0.61,0.02911
0.0,0.61,1.43934
0.0,0.61,0.26021
0.0,0.61,0.4524
0.0,0.61,0.98453
0.0,0.61,0.09147
0.0,0.61,0.21434
0.0,0.61,0.02692
0.0,0.61,0.49362
0.0,0.61,0.22583
0.0,0.61,0.97061
0.0,0.61,0.61877
0.0,0.61,0.35807
0.0,0.61,1.26859
0.0,0.61,0.39987
0.0,0.61,0.29148
0.0,0.61,0.17123
0.0,0.61,0.03384
0.0,0.61,0.83725
0.0,0.61,0.1221
0.0,0.61,0.68228
0.0,0.61,0.80295
0.0,0.61,0.18506
0.0,0.61,0.2089
0.0,0.61,0.57568
0.0,0.61,1.7829
0.0,0.61,0.28822
0.0,0.61,1.16252
0.0,0.61,0.47393
0.0,0.61,0.53628
0.0,0.61,0.31663
0.0,0.61,0.23743
0.0,0.61,0.30623
0.0,0.61,0.51157
0.0,0.61,1.07211
0.0,0.61,0.85005
0.0,0.61,1.83883
0.0,0.61,0.30189
0.0,0.61,0.30698
0.0,0.61,0.89983
0.0,0.61,0.22611
0.0,0.61,0.53464
0.0,0.61,0.98871
0.0,0.61,0.781
0.0,0.61,0.79463
0.0,0.61,1.79613
0.0,0.61,0.47618
0.0,0.61,0.86729
0.0,0.61,0.37178
0.0,0.61,0.518
0.0,0.61,0.24484
0.0,0.61,1.18561
0.0,0.61,0.72265
0.0,0.61,0.11541
0.0,0.61,0.19582
0.0,0.61,1.40945
0.0,0.61,0.15408
0.0,0.61,0.11282
0.0,0.61,0.75968
0.0,0.61,0.48029
0.0,0.61,1.04566
0.0,0.61,0.33733
0.0,0.61,0.6817
0.0,0.61,0.708
0.0,0.61,1.44362
0.0,0.61,1.07027
0.0,0.61,0.38698
0.0,0.61,0.15742
0.0,0.61,0.90524
0.0,0.61,0.06363
0.0,0.61,0.18492
0.0,0.61,0.25529
0.0,0.61,0.60157
0.0,0.61,0.46506
0.0,0.61,1.13948
0.0,0.61,1.3726
0.0,0.61,1.198
0.0,0.61,0.21716
0.0,0.61,0.53725
0.0,0.61,0.76965
0.0,0.61,0.23173
0.0,0.61,0.34948
0.0,0.61,1.39466
0.0,0.61,0.3099
0.0,0.61,1.62342
0.0,0.61,0.9979
0.0,0.61,0.51757
0.0,0.61,0.85064
0.0,0.61,0.412
0.0,0.61,0.65348
0.0,0.61,0.38172
0.0,0.61,0.02639
0.0,0.61,0.26766
0.0,0.61,1.57827
0.0,0.61,1.65295
0.0,0.61,1.11436
0.0,0.61,0.00342
0.0,0.61,0.03011
0.0,0.61,0.43324
0.0,0.61,0.23904
0.0,0.61,1.19815
0.0,0.61,1.03249
0.0,0.61,0.00351
0.0,0.61,0.0467
0.0,0.61,0.02633
0.0,0.61,0.21099
0.0,0.61,1.53836
0.0,0.61,0.14607
0.0,0.61,0.42235
0.0,0.61,0.09354
0.0,0.61,1.45325
0.0,0.61,0.36807
0.0,0.61,0.22726
0.0,0.61,0.25894
0.0,0.61,0.46494
0.0,0.61,2.38229
0.0,0.61,0.39914
0.0,0.61,1.01648
0.0,0.61,0.87731
0.0,0.61,1.58945
0.0,0.61,1.11533
0.0,0.61,0.92101
0.0,0.61,1.09283
0.0,0.61,0.87482
0.0,0.61,1.16849
0.0,0.61,0.09981
0.0,0.61,0.07013
0.0,0.61,0.23541
0.0,0.61,0.70227
0.0,0.61,0.5042
0.0,0.61,1.01954
0.0,0.61,0.18183
0.0,0.61,1.08388
0.0,0.61,0.35089
0.0,0.61,0.56226
0.0,0.61,0.13672
0.0,0.61,0.56774
0.0,0.61,0.49622
0.0,0.61,0.1587
0.0,0.61,1.1337
0.0,0.61,0.24302
0.0,0.61,1.01736
0.0,0.61,0.87883
0.0,0.61,0.3335
0.0,0.61,0.20559
0.0,0.61,0.06909
0.0,0.61,0.276
0.0,0.61,0.38417
0.0,0.61,0.99299
0.0,0.61,0.5045
0.0,0.61,0.61265
0.0,0.61,0.0162
0.0,0.61,0.96473
0.0,0.61,1.01909
0.0,0.61,0.27528
0.0,0.61,0.4361
0.0,0.61,0.47787
0.0,0.61,0.59951
0.0,0.61,0.78426
0.0,0.61,0.2373
0.0,0.61,0.73298
0.0,0.61,0.19461
0.0,0.61,0.79367
0.0,0.61,0.23691
0.0,0.61,1.49509
0.0,0.61,0.3432
0.0,0.61,0.17082
0.0,0.61,2.33173
0.0,0.61,1.02465
0.0,0.61,0.56554
0.0,0.61,0.77008
0.0,0.61,1.1479
0.0,0.61,1.79252
0.0,0.61,0.59958
0.0,0.61,0.8038
0.0,0.61,0.20512
0.0,0.61,0.84308
0.0,0.61,2.00881
0.0,0.61,0.08645
0.0,0.61,0.43325
0.0,0.61,0.337
0.0,0.61,1.12113
0.0,0.61,0.27294
0.0,0.61,0.25154
0.0,0.61,0.01739
0.0,0.61,2.57519
0.0,0.61,0.4176
0.0,0.61,0.48075
0.0,0.61,0.89658
0.0,0.61,1.29457
0.0,0.61,0.45611
0.0,0.61,0.99661
0.0,0.61,0.14778
0.0,0.61,0.73176
0.0,0.61,0.35159
0.0,0.61,1.53751
0.0,0.61,0.57471
0.0,0.61,0.40682
0.0,0.61,0.03081
0.0,0.61,0.38918
0.0,0.61,0.23479
0.0,0.61,0.88961
0.0,0.61,1.20371
0.0,0.61,0.95742
0.0,0.61,0.69147
0.0,0.61,0.51793
0.0,0.61,1.0111
0.0,0.61,0.47286
0.0,0.61,0.5483
0.0,0.61,2.19085
0.0,0.61,0.1512
0.0,0.61,0.24031
0.0,0.61,0.54422
0.0,0.61,0.41278
0.0,0.61,1.70049
0.0,0.61,1.24266
0.0,0.61,1.41402
0.0,0.61,0.29815
0.0,0.61,0.44592
0.0,0.61,0.50678
0.0,0.61,0.56052
0.0,0.61,0.25457
0.0,0.61,3.23349
0.0,0.61,0.39351
0.0,0.61,0.55307
0.0,0.61,1.89971
0.0,0.61,0.5681
0.0,0.61,1.29241
0.0,0.61,0.14978
0.0,0.61,1.12701
0.0,0.61,1.92691
0.0,0.61,0.26294
0.0,0.61,0.84313
0.0,0.61,1.16321
0.0,0.61,1.54208
0.0,0.61,0.61522
0.0,0.61,0.631
0.0,0.61,0.98077
0.0,0.61,1.14522
0.0,0.61,1.43217
0.0,0.61,0.99224
0.0,0.61,0.96563
0.0,0.61,0.35208
0.0,0.61,0.46659
0.0,0.61,0.21119
0.0,0.61,0.6266
0.0,0.61,1.0607
0.0,0.61,0.12755
0.0,0.61,0.2151
0.0,0.61,0.18706
0.0,0.61,0.06037
0.0,0.61,0.59349
0.0,0.61,0.71191
0.0,0.61,1.01268
0.0,0.61,0.12096
0.0,0.61,0.09026
0.0,0.61,1.59597
0.0,0.61,0.2685
0.0,0.61,0.79975
0.0,0.61,1.21606
0.0,0.61,0.20554
0.0,0.61,1.58234
0.0,0.61,0.12898
0.0,0.61,0.14493
0.0,0.61,0.4704
0.0,0.61,0.521
0.0,0.61,0.44849
0.0,0.61,0.78878
0.0,0.61,1.67193
0.0,0.61,0.80546
0.0,0.61,0.88161
0.0,0.61,1.82008
0.0,0.61,0.23891
0.0,0.61,0.41085
0.0,0.61,0.17057
0.0,0.61,0.43656
0.0,0.61,0.25456
0.0,0.61,1.99413
0.0,0.61,0.97367
0.0,0.61,0.62226
0.0,0.61,0.6024
0.0,0.61,0.1682
0.0,0.61,0.5371
0.0,0.61,0.93936
0.0,0.61,0.217
0.0,0.61,0.55221
0.0,0.61,0.47949
0.0,0.61,1.11209
0.0,0.61,0.20785
0.0,0.61,1.18753
0.0,0.61,0.23576
0.0,0.61,0.1114
0.0,0.61,0.1401
0.0,0.61,0.11488
0.0,0.61,0.19461
0.0,0.61,0.06302
0.0,0.61,1.61506
0.0,0.61,1.04453
0.0,0.61,0.11518
0.0,0.61,0.24953
0.0,0.61,0.64067
0.0,0.61,0.77378
0.0,0.61,0.95208
0.0,0.61,0.16155
0.0,0.61,2.59983
0.0,0.61,0.72772
0.0,0.61,0.48452
0.0,0.61,1.63227
0.0,0.61,0.62783
0.0,0.61,0.50312
0.0,0.61,0.21561
0.0,0.61,0.84387
0.0,0.61,0.5597
0.0,0.61,0.84712
0.0,0.61,0.42739
0.0,0.61,0.2959
0.0,0.61,0.35055
0.0,0.61,0.41118
0.0,0.61,1.3802
0.0,0.61,0.04964
0.0,0.61,0.69438
0.0,0.61,0.30236
0.0,0.61,0.3938
0.0,0.61,0.06768
0.0,0.61,0.38793
0.0,0.61,1.87375
0.0,0.61,0.35374
0.0,0.61,1.38674
0.0,0.61,0.23217
0.0,0.61,0.41113
0.0,0.61,1.13421
0.0,0.61,0.1973
0.0,0.61,0.83002
0.0,0.61,0.50525
0.0,0.61,0.45649
0.0,0.61,1.11049
0.0,0.61,0.86827
0.0,0.61,0.58931
0.0,0.61,0.08281
0.0,0.61,0.08245
0.0,0.61,0.96571
0.0,0.61,0.90053
0.0,0.61,0.33048
0.0,0.61,1.19577
0.0,0.61,0.94236
0.0,0.61,0.22172
0.0,0.61,1.82846
0.0,0.61,1.18356
0.0,0.61,0.13368
0.0,0.61,1.85183
0.0,0.61,0.01268
0.0,0.61,0.09817
0.0,0.61,1.15684
0.0,0.61,0.81105
0.0,0.61,1.41219
0.0,0.61,0.4438
0.0,0.61,1.30283
0.0,0.61,0.84559
0.0,0.61,1.39229
0.0,0.61,0.86049
0.0,0.61,0.01035
0.0,0.61,0.2309
0.0,0.61,0.31032
0.0,0.61,0.86935
0.0,0.61,0.80775
0.0,0.61,0.49865
0.0,0.61,0.99826
0.0,0.61,0.22014
0.0,0.61,0.1428
0.0,0.61,0.40203
0.0,0.61,0.84677
0.0,0.61,0.37081
0.0,0.61,0.53815
0.0,0.61,0.35389
0.0,0.61,0.17233
0.0,0.61,0.82046
0.0,0.61,0.16042
0.0,0.61,0.17343
0.0,0.61,1.48537
0.0,0.61,1.07861
0.0,0.61,1.59915
0.0,0.61,1.00812
0.0,0.61,0.47086
0.0,0.61,0.37034
0.0,0.61,1.06438
0.0,0.61,1.18729
0.0,0.61,0.52277
0.0,0.61,0.07664
0.0,0.61,2.61155
0.0,0.61,0.47796
0.0,0.61,1.04711
0.0,0.61,0.00077
0.0,0.61,0.46435
0.0,0.61,0.95315
0.0,0.61,0.67569
0.0,0.61,0.19079
0.0,0.61,0.86995
0.0,0.61,0.27227
0.0,0.61,2.46526
0.0,0.61,1.44537
0.0,0.61,0.42924
0.0,0.61,0.98667
0.0,0.61,0.70623
0.0,0.61,1.32587
0.0,0.61,0.55105
0.0,0.61,0.06352
0.0,0.61,1.2062
0.0,0.61,0.0383
0.0,0.61,1.39377
0.0,0.61,1.63772
0.0,0.61,0.12218
0.0,0.61,0.07572
0.0,0.61,0.51055
0.0,0.61,1.67699
0.0,0.61,1.42923
0.0,0.61,1.42043
0.0,0.61,0.48317
0.0,0.61,0.68231
0.0,0.61,0.51364
0.0,0.61,1.22796
0.0,0.61,1.4893
0.0,0.61,0.83297
0.0,0.61,0.08911
0.0,0.61,0.10336
0.0,0.61,0.32592
0.0,0.61,0.57171
0.0,0.61,0.4621
0.0,0.61,0.81745
0.0,0.61,0.36755
0.0,0.61,1.17786
0.0,0.61,0.21915
0.0,0.61,1.08913
0.0,0.61,0.81514
0.0,0.61,0.64033
0.0,0.61,0.2153
0.0,0.61,0.29349
0.0,0.61,0.15983
0.0,0.61,2.01322
0.0,0.61,0.38618
0.0,0.61,0.81347
0.0,0.61,0.26081
0.0,0.61,0.04047
0.0,0.61,1.02814
0.0,0.61,0.89137
0.0,0.61,1.80586
0.0,0.61,0.02096
0.0,0.61,0.28512
0.0,0.61,1.00731
0.0,0.61,0.0349
0.0,0.61,0.45516
0.0,0.61,0.15827
0.0,0.61,1.45886
0.0,0.61,1.45316
0.0,0.61,0.11479
0.0,0.61,1.70017
0.0,0.61,0.80783
0.0,0.61,0.06984
0.0,0.61,0.7332
0.0,0.61,0.86086
0.0,0.61,0.12925
0.0,0.61,0.968
0.0,0.61,0.27702
0.0,0.61,0.16751
0.0,0.61,0.2432
0.0,0.61,0.10125
0.0,0.61,0.38019
0.0,0.61,0.04871
0.0,0.61,1.05152
0.0,0.61,0.19614
0.0,0.61,0.2014
0.0,0.61,0.11198
0.0,0.61,0.93202
0.0,0.61,0.09226
0.0,0.61,2.13194
0.0,0.61,0.6522
0.0,0.61,0.3852
0.0,0.61,0.29965
0.0,0.61,0.49665
0.0,0.61,1.29041
0.0,0.61,0.1797
0.0,0.61,0.62855
0.0,0.61,0.34798
0.0,0.61,0.19752
0.0,0.61,0.88572
0.0,0.61,0.01146
0.0,0.61,0.03068
0.0,0.61,1.89614
0.0,0.61,0.8185
0.0,0.61,0.87018
0.0,0.61,0.14376
0.0,0.61,0.25097
0.0,0.61,1.64071
0.0,0.61,0.7114
0.0,0.61,0.76665
0.0,0.61,0.44447
0.0,0.61,0.14898
0.0,0.61,0.7653
0.0,0.61,1.09592
0.0,0.61,0.62869
0.0,0.61,1.15449
0.0,0.61,1.30346
0.0,0.61,1.6311
0.0,0.61,1.5852
0.0,0.61,0.3647
0.0,0.61,0.94186
0.0,0.61,0.40498
0.0,0.61,0.12613
0.0,0.61,1.69738
0.0,0.61,0.03343
0.0,0.61,1.59066
0.0,0.61,0.32169
0.0,0.61,0.65768
0.0,0.61,1.43167
0.0,0.61,0.1807
0.0,0.61,0.63523
0.0,0.61,0.46732
0.0,0.61,1.06303
0.0,0.61,0.22461
0.0,0.61,0.30293
0.0,0.61,1.34878
0.0,0.61,0.12655
0.0,0.61,0.84155
0.0,0.61,0.07384
0.0,0.61,0.07816
0.0,0.61,0.4662
0.0,0.61,0.29494
0.0,0.61,0.37911
0.0,0.61,0.14931
0.0,0.61,0.79214
0.0,0.61,0.32631
0.0,0.61,0.12535
0.0,0.61,0.05748
0.0,0.61,0.55632
0.0,0.61,0.60819
0.0,0.61,0.09168
0.0,0.61,0.38089
0.0,0.61,1.72568
0.0,0.61,1.56794
0.0,0.61,0.83727
0.0,0.61,0.79023
0.0,0.61,0.70268
0.0,0.61,1.57008
0.0,0.61,0.37994
0.0,0.61,0.41925
0.0,0.61,0.3421
0.0,0.61,0.50436
0.0,0.61,0.72003
0.0,0.61,0.20985
0.0,0.61,1.28362
0.0,0.61,0.9585
0.0,0.61,0.91059
0.0,0.61,1.37557
0.0,0.61,0.49137
0.0,0.61,1.37089
0.0,0.61,0.63672
0.0,0.61,0.24523
0.0,0.61,0.94224
0.0,0.61,1.57172
0.0,0.61,0.31888
0.0,0.61,0.08389
0.0,0.61,0.2612
0.0,0.61,0.24487
0.0,0.61,1.4841
0.0,0.61,1.59959
0.0,0.61,0.14756
0.0,0.61,0.48026
0.0,0.61,0.2973
0.0,0.61,0.35336
0.0,0.61,0.64897
0.0,0.61,0.01981
0.0,0.61,0.26048
0.0,0.61,0.08028
0.0,0.61,0.28721
0.0,0.61,0.27373
0.0,0.61,0.36894
0.0,0.61,0.4114
0.0,0.61,0.34419
0.0,0.61,0.2761
0.0,0.61,0.03879
0.0,0.61,0.23196
0.0,0.61,0.30318
0.0,0.61,0.80289
0.0,0.61,0.17658
0.0,0.61,0.57276
0.0,0.61,0.05285
0.0,0.61,0.71652
0.0,0.61,0.60736
0.0,0.61,0.30106
0.0,0.61,1.90572
0.0,0.61,0.68387
0.0,0.61,0.36313
0.0,0.61,0.28279
0.0,0.61,0.72614
0.0,0.61,1.64671
0.0,0.61,0.10203
0.0,0.61,0.09241
0.0,0.61,0.91819
0.0,0.61,0.18918
0.0,0.61,0.23348
0.0,0.61,1.06881
0.0,0.61,0.35722
0.0,0.61,1.04038
0.0,0.61,0.22343
0.0,0.61,0.28022
0.0,0.61,0.85603
0.0,0.61,0.8483
0.0,0.61,1.4951
0.0,0.61,0.42842
0.0,0.61,1.71275
0.0,0.61,0.92032
0.0,0.61,0.6434
0.0,0.61,1.48552
0.0,0.61,0.12782
0.0,0.61,0.4492
0.0,0.61,0.06691
0.0,0.61,1.10492
0.0,0.61,0.12749
0.0,0.61,0.44827
0.0,0.61,0.40824
0.0,0.61,0.38222
0.0,0.61,2.04374
0.0,0.61,0.3127
0.0,0.61,0.95675
0.0,0.61,1.3388
0.0,0.61,1.29738
0.0,0.61,0.33614
0.0,0.61,0.62617
0.0,0.61,0.8329
0.0,0.61,1.40467
0.0,0.61,0.75953
0.0,0.61,0.75285
0.0,0.61,0.48507
0.0,0.61,0.66327
0.0,0.61,0.48542
0.0,0.61,0.04686
0.0,0.61,0.42107
0.0,0.61,0.29811
0.0,0.61,0.67648
0.0,0.61,0.05889
0.0,0.61,0.31274
0.0,0.61,2.1646
0.0,0.61,0.74162
0.0,0.61,0.075
0.0,0.61,0.43741
0.0,0.61,0.3295
0.0,0.61,0.71607
0.0,0.61,0.67439
0.0,0.61,1.08315
0.0,0.61,0.00194
0.0,0.61,0.07407
0.0,0.61,0.03828
0.0,0.61,1.83409
0.0,0.61,0.01907
0.0,0.61,0.05674
0.0,0.61,0.31891
0.0,0.61,1.49691
0.0,0.61,0.59639
0.0,0.61,0.62526
0.0,0.61,0.191
0.0,0.61,0.40619
0.0,0.61,1.27834
0.0,0.61,0.5225
0.0,0.61,0.90407
0.0,0.61,0.31841
0.0,0.61,0.59815
0.0,0.61,0.43096
0.0,0.61,2.06311
0.0,0.61,0.47643
0.0,0.61,0.86822
0.0,0.61,0.20423
0.0,0.61,0.70543
0.0,0.61,0.62269
0.0,0.61,1.14833
0.0,0.61,0.07865
0.0,0.61,1.47018
0.0,0.61,0.02322
0.0,0.61,0.31706
0.0,0.61,1.32713
0.0,0.61,0.01578
0.0,0.61,0.66944
0.0,0.61,0.56969
0.0,0.61,0.08456
0.0,0.61,1.36885
0.0,0.61,0.01498
0.0,0.61,1.04161
0.0,0.61,1.06796
0.0,0.61,1.30029
0.0,0.61,0.90642
0.0,0.61,0.28674
0.0,0.61,0.20254
0.0,0.61,0.55358
0.0,0.61,0.05507
0.0,0.61,0.24581
0.0,0.61,0.8045
0.0,0.61,0.00901
0.0,0.61,2.11326
0.0,0.61,0.83193
0.0,0.61,2.85693
0.0,0.61,0.12276
0.0,0.61,0.26624
0.0,0.61,0.16908
0.0,0.61,0.15715
0.0,0.61,0.0452
0.0,0.61,0.04919
0.0,0.61,1.41065
0.0,0.61,0.81002
0.0,0.61,0.61964
0.0,0.61,1.71861
0.0,0.61,0.4372
0.0,0.61,0.96831
0.0,0.61,0.36594
0.0,0.61,0.93514
0.0,0.61,1.9129
0.0,0.61,0.15141
0.0,0.61,0.55876
0.0,0.61,0.08067
0.0,0.67,1.33387
0.0,0.67,0.80073
0.0,0.67,1.46837
0.0,0.67,0.95815
0.0,0.67,1.05032
0.0,0.67,0.47235
0.0,0.67,1.13895
0.0,0.67,0.65155
0.0,0.67,0.11354
0.0,0.67,0.48443
0.0,0.67,0.61402
0.0,0.67,0.40222
0.0,0.67,0.72291
0.0,0.67,0.11806
0.0,0.67,1.81449
0.0,0.67,0.41433
0.0,0.67,0.40104
0.0,0.67,1.10138
0.0,0.67,0.2525
0.0,0.67,0.19275
0.0,0.67,1.07897
0.0,0.67,1.49399
0.0,0.67,0.30733
0.0,0.67,0.07593
0.0,0.67,0.36277
0.0,0.67,1.02871
0.0,0.67,0.13539
0.0,0.67,1.8293
0.0,0.67,0.90783
0.0,0.67,1.49568
0.0,0.67,0.10138
0.0,0.67,1.21309
0.0,0.67,0.67846
0.0,0.67,0.49663
0.0,0.67,1.7872
0.0,0.67,0.96899
0.0,0.67,0.39172
0.0,0.67,1.10887
0.0,0.67,0.63425
0.0,0.67,0.32376
0.0,0.67,2.33253
0.0,0.67,0.29099
0.0,0.67,0.95272
0.0,0.67,1.98635
0.0,0.67,0.59724
0.0,0.67,0.42308
0.0,0.67,0.08393
0.0,0.67,0.05073
0.0,0.67,0.43228
0.0,0.67,0.04716
0.0,0.67,0.44484
0.0,0.67,0.60143
0.0,0.67,1.46185
0.0,0.67,0.21348
0.0,0.67,1.58184
0.0,0.67,0.70908
0.0,0.67,0.0493
0.0,0.67,0.65308
0.0,0.67,1.66028
0.0,0.67,0.70048
0.0,0.67,0.01857
0.0,0.67,1.40621
0.0,0.67,1.24897
0.0,0.67,0.90644
0.0,0.67,0.17889
0.0,0.67,0.03521
0.0,0.67,0.16668
0.0,0.67,0.05193
0.0,0.67,0.23517
0.0,0.67,0.92873
0.0,0.67,0.12163
0.0,0.67,0.55634
0.0,0.67,1.32591
0.0,0.67,0.92988
0.0,0.67,0.10698
0.0,0.67,0.49325
0.0,0.67,1.14764
0.0,0.67,0.86408
0.0,0.67,0.81081
0.0,0.67,0.20979
0.0,0.67,0.19485
0.0,0.67,0.30491
0.0,0.67,1.07415
0.0,0.67,0.65371
0.0,0.67,0.29507
0.0,0.67,0.46433
0.0,0.67,1.79131
0.0,0.67,0.75501
0.0,0.67,0.71111
0.0,0.67,1.19485
0.0,0.67,1.20414
0.0,0.67,1.66262
0.0,0.67,0.83173
0.0,0.67,0.92022
0.0,0.67,0.58955
0.0,0.67,0.43994
0.0,0.67,0.1651
0.0,0.67,0.27019
0.0,0.67,0.14099
0.0,0.67,0.06422
0.0,0.67,0.13436
0.0,0.67,2.08673
0.0,0.67,0.94279
0.0,0.67,1.60306
0.0,0.67,1.58173
0.0,0.67,0.70853
0.0,0.67,0.25606
0.0,0.67,0.58149
0.0,0.67,1.19204
0.0,0.67,0.94829
0.0,0.67,1.34386
0.0,0.67,0.09964
0.0,0.67,1.76722
0.0,0.67,0.90948
0.0,0.67,1.80607
0.0,0.67,0.38905
0.0,0.67,0.6597
0.0,0.67,0.93824
0.0,0.67,0.19386
0.0,0.67,0.00998
0.0,0.67,0.32564
0.0,0.67,0.39702
0.0,0.67,0.71025
0.0,0.67,0.12269
0.0,0.67,0.23752
0.0,0.67,0.91748
0.0,0.67,0.16482
0.0,0.67,0.26863
0.0,0.67,1.51712
0.0,0.67,2.24075
0.0,0.67,0.29302
0.0,0.67,0.13262
0.0,0.67,0.35702
0.0,0.67,0.18812
0.0,0.67,0.15369
0.0,0.67,0.03788
0.0,0.67,0.14863
0.0,0.67,0.6344
0.0,0.67,0.30705
0.0,0.67,0.41966
0.0,0.67,0.13496
0.0,0.67,0.58218
0.0,0.67,0.516
0.0,0.67,0.329
0.0,0.67,0.9207
0.0,0.67,0.71849
0.0,0.67,0.84246
0.0,0.67,0.82506
0.0,0.67,0.6838
0.0,0.67,0.07879
0.0,0.67,0.58984
0.0,0.67,1.28391
0.0,0.67,0.16487
0.0,0.67,0.6331
0.0,0.67,0.38868
0.0,0.67,1.32898
0.0,0.67,2.04121
0.0,0.67,0.79724
0.0,0.67,1.1422
0.0,0.67,0.73903
0.0,0.67,0.82618
0.0,0.67,1.48288
0.0,0.67,0.06944
0.0,0.67,1.26596
0.0,0.67,0.94788
0.0,0.67,0.28856
0.0,0.67,0.16156
0.0,0.67,0.78235
0.0,0.67,0.81419
0.0,0.67,0.71915
0.0,0.67,0.02498
0.0,0.67,0.3329
0.0,0.67,0.70232
0.0,0.67,0.25669
0.0,0.67,0.5955
0.0,0.67,0.13945
0.0,0.67,0.54886
0.0,0.67,0.36018
0.0,0.67,0.74314
0.0,0.67,0.16531
0.0,0.67,0.00893
0.0,0.67,0.58405
0.0,0.67,0.9051
0.0,0.67,0.37718
0.0,0.67,0.19437
0.0,0.67,1.05792
0.0,0.67,0.57871
0.0,0.67,0.29051
0.0,0.67,1.73957
0.0,0.67,2.42492
0.0,0.67,1.466
0.0,0.67,0.31561
0.0,0.67,0.12672
0.0,0.67,0.05807
0.0,0.67,0.69381
0.0,0.67,0.19438
0.0,0.67,0.63458
0.0,0.67,0.1286
0.0,0.67,0.76025
0.0,0.67,0.82334
0.0,0.67,0.7093
0.0,0.67,0.06956
0.0,0.67,1.02912
0.0,0.67,0.58166
0.0,0.67,0.40903
0.0,0.67,0.23419
0.0,0.67,0.28324
0.0,0.67,1.18029
0.0,0.67,0.72018
0.0,0.67,0.45415
0.0,0.67,0.9805
0.0,0.67,0.15157
0.0,0.67,0.23772
0.0,0.67,1.96964
0.0,0.67,1.45563
0.0,0.67,0.08292
0.0,0.67,1.49201
0.0,0.67,0.12113
0.0,0.67,1.47067
0.0,0.67,1.58541
0.0,0.67,0.3692
0.0,0.67,0.77788
0.0,0.67,1.15308
0.0,0.67,0.60578
0.0,0.67,0.57384
0.0,0.67,0.08912
0.0,0.67,0.10234
0.0,0.67,1.43172
0.0,0.67,1.7457
0.0,0.67,0.56617
0.0,0.67,1.22987
0.0,0.67,0.18419
0.0,0.67,0.39043
0.0,0.67,0.79072
0.0,0.67,0.03152
0.0,0.67,1.63162
0.0,0.67,0.97838
0.0,0.67,0.23985
0.0,0.67,0.749
0.0,0.67,0.2581
0.0,0.67,0.85646
0.0,0.67,0.96914
0.0,0.67,0.72655
0.0,0.67,0.70259
0.0,0.67,0.28262
0.0,0.67,0.77572
0.0,0.67,0.48804
0.0,0.67,0.3341
0.0,0.67,0.52298
0.0,0.67,0.64273
0.0,0.67,0.35717
0.0,0.67,0.55552
0.0,0.67,0.09846
0.0,0.67,0.3436
0.0,0.67,1.05471
0.0,0.67,0.81796
0.0,0.67,0.67961
0.0,0.67,1.0589
0.0,0.67,1.02427
0.0,0.67,1.43818
0.0,0.67,2.21255
0.0,0.67,1.1964
0.0,0.67,0.15902
0.0,0.67,0.43702
0.0,0.67,0.72581
0.0,0.67,0.38196
0.0,0.67,0.67299
0.0,0.67,0.17189
0.0,0.67,0.43461
0.0,0.67,0.12261
0.0,0.67,1.78834
0.0,0.67,1.57311
0.0,0.67,0.91385
0.0,0.67,1.17236
0.0,0.67,0.01065
0.0,0.67,0.60353
0.0,0.67,0.20756
0.0,0.67,2.42368
0.0,0.67,1.16488
0.0,0.67,0.58847
0.0,0.67,0.14147
0.0,0.67,2.2764
0.0,0.67,0.33797
0.0,0.67,0.87402
0.0,0.67,1.42901
0.0,0.67,0.59111
0.0,0.67,0.46443
0.0,0.67,0.59076
0.0,0.67,0.81588
0.0,0.67,0.52009
0.0,0.67,0.7079
0.0,0.67,0.18545
0.0,0.67,0.31989
0.0,0.67,1.39248
0.0,0.67,0.51337
0.0,0.67,0.95116
0.0,0.67,0.84624
0.0,0.67,1.52428
0.0,0.67,0.00511
0.0,0.67,0.36723
0.0,0.67,1.85807
0.0,0.67,1.31399
0.0,0.67,0.97066
0.0,0.67,0.38136
0.0,0.67,1.799
0.0,0.67,0.33312
0.0,0.67,1.15634
0.0,0.67,0.19342
0.0,0.67,0.55778
0.0,0.67,0.21433
0.0,0.67,1.11519
0.0,0.67,0.97866
0.0,0.67,0.59862
0.0,0.67,0.2534
0.0,0.67,0.39575
0.0,0.67,1.43883
0.0,0.67,0.5864
0.0,0.67,0.03688
0.0,0.67,0.65178
0.0,0.67,0.51976
0.0,0.67,0.17819
0.0,0.67,0.63434
0.0,0.67,1.08931
0.0,0.67,1.82307
0.0,0.67,0.15823
0.0,0.67,0.59789
0.0,0.67,1.04453
0.0,0.67,1.02041
0.0,0.67,0.48559
0.0,0.67,1.01137
0.0,0.67,1.48155
0.0,0.67,1.22801
0.0,0.67,0.91278
0.0,0.67,0.18794
0.0,0.67,0.38653
0.0,0.67,1.79554
0.0,0.67,0.83163
0.0,0.67,0.52177
0.0,0.67,0.30653
0.0,0.67,1.26438
0.0,0.67,1.74554
0.0,0.67,0.76248
0.0,0.67,0.64133
0.0,0.67,0.33297
0.0,0.67,0.55699
0.0,0.67,0.80896
0.0,0.67,0.74619
0.0,0.67,1.06816
0.0,0.67,0.25916
0.0,0.67,1.37101
0.0,0.67,1.38736
0.0,0.67,0.77844
0.0,0.67,1.71446
0.0,0.67,1.00857
0.0,0.67,0.23097
0.0,0.67,0.73783
0.0,0.67,0.71628
0.0,0.67,0.4504
0.0,0.67,0.33089
0.0,0.67,1.63048
0.0,0.67,1.78961
0.0,0.67,0.21291
0.0,0.67,0.30513
0.0,0.67,0.24707
0.0,0.67,0.9672
0.0,0.67,0.36759
0.0,0.67,0.6058
0.0,0.67,0.65199
0.0,0.67,0.09555
0.0,0.67,1.79121
0.0,0.67,0.0235
0.0,0.67,0.41509
0.0,0.67,0.12257
0.0,0.67,1.19728
0.0,0.67,0.42026
0.0,0.67,0.08442
0.0,0.67,0.65882
0.0,0.67,0.11592
0.0,0.67,1.91279
0.0,0.67,1.56035
0.0,0.67,0.58526
0.0,0.67,0.5614
0.0,0.67,0.17137
0.0,0.67,0.16781
0.0,0.67,0.24558
0.0,0.67,0.03162
0.0,0.67,0.32652
0.0,0.67,0.54032
0.0,0.67,0.17489
0.0,0.67,0.20832
0.0,0.67,0.28573
0.0,0.67,2.93732
0.0,0.67,0.36894
0.0,0.67,0.57563
0.0,0.67,1.09304
0.0,0.67,0.14385
0.0,0.67,0.8111
0.0,0.67,0.01645
0.0,0.67,2.50222
0.0,0.67,0.05054
0.0,0.67,0.25149
0.0,0.67,1.31476
0.0,0.67,0.0062
0.0,0.67,0.23212
0.0,0.67,0.62874
0.0,0.67,0.65725
0.0,0.67,1.18144
0.0,0.67,0.44169
0.0,0.67,0.27119
0.0,0.67,1.63363
0.0,0.67,0.08815
0.0,0.67,0.00557
0.0,0.67,0.5518
0.0,0.67,1.30223
0.0,0.67,1.18481
0.0,0.67,0.02321
0.0,0.67,0.13517
0.0,0.67,0.11845
0.0,0.67,0.23817
0.0,0.67,1.88164
0.0,0.67,1.14091
0.0,0.67,0.13226
0.0,0.67,0.72826
0.0,0.67,0.18762
0.0,0.67,0.81162
0.0,0.67,2.28271
0.0,0.67,0.87592
0.0,0.67,1.30721
0.0,0.67,0.07289
0.0,0.67,0.37419
0.0,0.67,0.30412
0.0,0.67,0.05126
0.0,0.67,1.36891
0.0,0.67,0.18172
0.0,0.67,0.47315
0.0,0.67,0.83217
0.0,0.67,1.22556
0.0,0.67,0.87699
0.0,0.67,0.6301
0.0,0.67,1.73783
0.0,0.67,0.04887
0.0,0.67,0.71086
0.0,0.67,0.52893
0.0,0.67,0.64068
0.0,0.67,1.56286
0.0,0.67,0.87031
0.0,0.67,0.9643
0.0,0.67,1.15904
0.0,0.67,0.79771
0.0,0.67,0.45604
0.0,0.67,1.7832
0.0,0.67,0.3754
0.0,0.67,1.83716
0.0,0.67,0.52811
0.0,0.67,0.90176
0.0,0.67,0.24147
0.0,0.67,1.43601
0.0,0.67,0.74852
0.0,0.67,0.56819
0.0,0.67,1.04721
0.0,0.67,0.42133
0.0,0.67,0.83738
0.0,0.67,0.14577
0.0,0.67,1.91467
0.0,0.67,0.53359
0.0,0.67,1.20634
0.0,0.67,0.86039
0.0,0.67,0.28361
0.0,0.67,0.13756
0.0,0.67,0.61124
0.0,0.67,0.08684
0.0,0.67,0.8137
0.0,0.67,0.20089
0.0,0.67,0.56416
0.0,0.67,0.26182
0.0,0.67,0.50396
0.0,0.67,0.4212
0.0,0.67,1.12455
0.0,0.67,1.33172
0.0,0.67,0.04972
0.0,0.67,1.12078
0.0,0.67,0.33056
0.0,0.67,0.47863
0.0,0.67,0.37945
0.0,0.67,1.13221
0.0,0.67,0.21034
0.0,0.67,1.33005
0.0,0.67,2.09681
0.0,0.67,1.3603
0.0,0.67,0.98588
0.0,0.67,1.6826
0.0,0.67,0.9568
0.0,0.67,0.11242
0.0,0.67,0.34282
0.0,0.67,2.91526
0.0,0.67,2.15242
0.0,0.67,0.82914
0.0,0.67,1.25579
0.0,0.67,0.1341
0.0,0.67,0.16677
0.0,0.67,0.85777
0.0,0.67,0.02645
0.0,0.67,0.17673
0.0,0.67,1.94771
0.0,0.67,1.18028
0.0,0.67,0.49035
0.0,0.67,2.1277
0.0,0.67,0.53005
0.0,0.67,0.07633
0.0,0.67,0.8642
0.0,0.67,1.63152
0.0,0.67,0.57789
0.0,0.67,0.53031
0.0,0.67,1.34664
0.0,0.67,0.44684
0.0,0.67,0.9102
0.0,0.67,1.89307
0.0,0.67,1.24646
0.0,0.67,0.43227
0.0,0.67,0.12101
0.0,0.67,0.98906
0.0,0.67,0.90466
0.0,0.67,0.29298
0.0,0.67,2.15018
0.0,0.67,0.10805
0.0,0.67,0.69089
0.0,0.67,1.07125
0.0,0.67,0.57824
0.0,0.67,0.41225
0.0,0.67,0.91426
0.0,0.67,1.35414
0.0,0.67,0.23568
0.0,0.67,0.33574
0.0,0.67,0.7382
0.0,0.67,1.57883
0.0,0.67,0.52878
0.0,0.67,0.27708
0.0,0.67,0.08691
0.0,0.67,0.09489
0.0,0.67,0.6242
0.0,0.67,1.06287
0.0,0.67,0.44044
0.0,0.67,1.31982
0.0,0.67,0.80274
0.0,0.67,0.58685
0.0,0.67,0.17293
0.0,0.67,0.59282
0.0,0.67,0.39533
0.0,0.67,0.10778
0.0,0.67,0.59311
0.0,0.67,0.72178
0.0,0.67,0.17165
0.0,0.67,1.13299
0.0,0.67,1.0582
0.0,0.67,0.76026
0.0,0.67,0.31328
0.0,0.67,0.06021
0.0,0.67,0.63827
0.0,0.67,0.35234
0.0,0.67,0.00209
0.0,0.67,0.215
0.0,0.67,0.68308
0.0,0.67,1.25352
0.0,0.67,0.64229
0.0,0.67,0.18696
0.0,0.67,0.86782
0.0,0.67,0.25945
0.0,0.67,0.4733
0.0,0.67,1.42671
0.0,0.67,0.21772
0.0,0.67,1.3468
0.0,0.67,0.25191
0.0,0.67,1.66559
0.0,0.67,0.86919
0.0,0.67,0.31086
0.0,0.67,0.26104
0.0,0.67,0.83384
0.0,0.67,1.58396
0.0,0.67,0.53035
0.0,0.67,0.84911
0.0,0.67,0.85434
0.0,0.67,2.05175
0.0,0.67,0.92537
0.0,0.67,1.09647
0.0,0.67,0.06846
0.0,0.67,0.53755
0.0,0.67,1.15267
0.0,0.67,0.48492
0.0,0.67,0.63948
0.0,0.67,0.86296
0.0,0.67,0.04643
0.0,0.67,0.4702
0.0,0.67,0.50009
0.0,0.67,0.36256
0.0,0.67,0.90916
0.0,0.67,0.10792
0.0,0.67,1.54528
0.0,0.67,0.47202
0.0,0.67,0.30772
0.0,0.67,0.44342
0.0,0.67,0.36205
0.0,0.67,1.14081
0.0,0.67,0.28733
0.0,0.67,0.04857
0.0,0.67,0.62316
0.0,0.67,0.8708
0.0,0.67,0.65124
0.0,0.67,0.98961
0.0,0.67,0.4649
0.0,0.67,0.39942
0.0,0.67,0.49801
0.0,0.67,0.74319
0.0,0.67,0.45614
0.0,0.67,0.54581
0.0,0.67,0.11127
0.0,0.67,0.52454
0.0,0.67,0.30551
0.0,0.67,1.03864
0.0,0.67,1.08966
0.0,0.67,0.7719
0.0,0.67,0.07396
0.0,0.67,0.52484
0.0,0.67,0.96305
0.0,0.67,0.02359
0.0,0.67,0.86463
0.0,0.67,0.02346
0.0,0.67,1.28309
0.0,0.67,0.6751
0.0,0.67,1.0263
0.0,0.67,0.67198
0.0,0.67,0.62326
0.0,0.67,0.13925
0.0,0.67,0.16227
0.0,0.67,0.33517
0.0,0.67,0.68597
0.0,0.67,0.47034
0.0,0.67,0.26052
0.0,0.67,0.74132
0.0,0.67,0.03038
0.0,0.67,0.1872
0.0,0.67,0.79896
0.0,0.67,0.70098
0.0,0.67,0.2031
0.0,0.67,0.43403
0.0,0.67,0.48211
0.0,0.67,0.83342
0.0,0.67,1.22033
0.0,0.67,0.56821
0.0,0.67,0.35303
0.0,0.67,0.2123
0.0,0.67,0.71178
0.0,0.67,0.59118
0.0,0.67,0.5773
0.0,0.67,0.34157
0.0,0.67,0.05834
0.0,0.67,1.67548
0.0,0.67,0.12898
0.0,0.67,0.81781
0.0,0.67,0.22244
0.0,0.67,0.19168
0.0,0.67,0.59581
0.0,0.67,0.10012
0.0,0.67,0.09755
0.0,0.67,0.29738
0.0,0.67,0.77024
0.0,0.67,0.66552
0.0,0.67,0.24885
0.0,0.67,0.12071
0.0,0.67,0.5431
0.0,0.67,0.43515
0.0,0.67,0.97489
0.0,0.67,1.01872
0.0,0.67,0.24144
0.0,0.67,2.49437
0.0,0.67,1.17622
0.0,0.73,0.80322
0.0,0.73,1.66871
0.0,0.73,0.82779
0.0,0.73,0.30923
0.0,0.73,0.99996
0.0,0.73,1.45325
0.0,0.73,0.49913
0.0,0.73,1.36097
0.0,0.73,0.53882
0.0,0.73,0.13413
0.0,0.73,1.88284
0.0,0.73,0.62917
0.0,0.73,0.5233
0.0,0.73,0.6372
0.0,0.73,0.39914
0.0,0.73,1.57188
0.0,0.73,1.05045
0.0,0.73,0.71456
0.0,0.73,1.7568
0.0,0.73,0.98774
0.0,0.73,0.1979
0.0,0.73,0.05014
0.0,0.73,0.13689
0.0,0.73,0.2885
0.0,0.73,0.75096
0.0,0.73,0.86489
0.0,0.73,0.0332
0.0,0.73,0.39476
0.0,0.73,1.51172
0.0,0.73,0.39207
0.0,0.73,0.47592
0.0,0.73,1.59065
0.0,0.73,0.47419
0.0,0.73,0.9656
0.0,0.73,1.3898
0.0,0.73,0.16079
0.0,0.73,0.52013
0.0,0.73,1.03564
0.0,0.73,0.18854
0.0,0.73,0.48341
0.0,0.73,1.02483
0.0,0.73,1.36991
0.0,0.73,1.65322
0.0,0.73,0.00574
0.0,0.73,1.93828
0.0,0.73,0.88001
0.0,0.73,1.30869
0.0,0.73,0.55574
0.0,0.73,0.04403
0.0,0.73,0.26492
0.0,0.73,0.18923
0.0,0.73,0.55662
0.0,0.73,0.40141
0.0,0.73,0.41421
0.0,0.73,0.17423
0.0,0.73,1.65153
0.0,0.73,1.99571
0.0,0.73,0.89139
0.0,0.73,0.83815
0.0,0.73,1.01909
0.0,0.73,0.2418
0.0,0.73,0.07018
0.0,0.73,0.22455
0.0,0.73,1.06009
0.0,0.73,0.19016
0.0,0.73,1.67347
0.0,0.73,0.56918
0.0,0.73,0.2891
0.0,0.73,1.53173
0.0,0.73,0.14767
0.0,0.73,0.20468
0.0,0.73,1.01631
0.0,0.73,0.79712
0.0,0.73,0.95767
0.0,0.73,0.01531
0.0,0.73,0.356
0.0,0.73,0.08257
0.0,0.73,1.19144
0.0,0.73,0.79732
0.0,0.73,2.50657
0.0,0.73,0.25967
0.0,0.73,0.35057
0.0,0.73,1.27116
0.0,0.73,0.44596
0.0,0.73,0.35973
0.0,0.73,1.81616
0.0,0.73,0.66963
0.0,0.73,0.36065
0.0,0.73,2.17529
0.0,0.73,0.22259
0.0,0.73,0.53626
0.0,0.73,0.19308
0.0,0.73,0.54717
0.0,0.73,0.03506
0.0,0.73,0.9514
0.0,0.73,0.8008
0.0,0.73,0.29667
0.0,0.73,0.14986
0.0,0.73,1.48893
0.0,0.73,1.15565
0.0,0.73,0.8717
0.0,0.73,0.49043
0.0,0.73,1.07558
0.0,0.73,0.45078
0.0,0.73,0.32783
0.0,0.73,0.79493
0.0,0.73,0.91422
0.0,0.73,0.7752
0.0,0.73,1.87544
0.0,0.73,0.58026
0.0,0.73,0.5929
0.0,0.73,0.26854
0.0,0.73,0.80513
0.0,0.73,0.66054
0.0,0.73,0.17764
0.0,0.73,1.879
0.0,0.73,0.80988
0.0,0.73,1.11483
0.0,0.73,0.83329
0.0,0.73,0.3115
0.0,0.73,0.54544
0.0,0.73,1.64377
0.0,0.73,1.098
0.0,0.73,0.48778
0.0,0.73,0.43875
0.0,0.73,0.06625
0.0,0.73,0.9069
0.0,0.73,0.13612
0.0,0.73,0.87154
0.0,0.73,1.58904
0.0,0.73,0.64662
0.0,0.73,0.04976
0.0,0.73,0.60741
0.0,0.73,0.2247
0.0,0.73,1.46058
0.0,0.73,0.93947
0.0,0.73,1.10523
0.0,0.73,0.77385
0.0,0.73,1.19384
0.0,0.73,0.95884
0.0,0.73,1.11581
0.0,0.73,2.48018
0.0,0.73,0.89712
0.0,0.73,0.4093
0.0,0.73,0.81829
0.0,0.73,0.69269
0.0,0.73,0.24958
0.1,0.61,0.11614
0.1,0.61,1.07495
0.1,0.61,0.42082
0.1,0.61,0.06416
0.1,0.61,0.42552
0.1,0.61,1.13761
0.1,0.61,0.70631
0.1,0.61,0.48686
0.1,0.61,0.46107
0.1,0.61,0.88533
0.1,0.61,0.75698
0.1,0.61,0.70105
0.1,0.61,0.35216
0.1,0.61,1.15662
0.1,0.61,0.83519
0.1,0.61,1.08579
0.1,0.61,0.1808
0.1,0.61,0.35673
0.1,0.61,0.02365
0.1,0.61,0.27369
0.1,0.61,1.42975
0.1,0.61,0.65533
0.1,0.61,0.43019
0.1,0.61,0.20677
0.1,0.61,2.16997
0.1,0.61,0.32865
0.1,0.61,0.70732
0.1,0.61,0.48158
0.1,0.61,1.21925
0.1,0.61,0.12429
0.1,0.61,0.21206
0.1,0.61,0.40478
0.1,0.61,0.67454
0.1,0.61,1.19257
0.1,0.61,0.66095
0.1,0.61,0.3262
0.1,0.61,0.75957
0.1,0.61,2.33271
0.1,0.61,0.50813
0.1,0.61,0.53806
0.1,0.61,0.38655
0.1,0.61,0.09951
0.1,0.61,0.63426
0.1,0.61,0.40585
0.1,0.61,2.58943
0.1,0.61,1.85099
0.1,0.61,0.50787
0.1,0.61,0.89706
0.1,0.61,0.16751
0.1,0.61,0.59819
0.1,0.61,0.01488
0.1,0.61,0.62006
0.1,0.61,0.40538
0.1,0.61,1.12444
0.1,0.61,0.08049
0.1,0.61,0.44614
0.1,0.61,2.87407
0.1,0.61,0.64673
0.1,0.61,0.68898
0.1,0.61,0.58657
0.1,0.61,0.07435
0.1,0.61,0.45736
0.1,0.61,0.51848
0.1,0.61,0.69686
0.1,0.61,0.27143
0.1,0.61,0.24368
0.1,0.61,0.78738
0.1,0.61,0.70715
0.1,0.61,0.04938
0.1,0.61,0.16917
0.1,0.61,0.07074
0.1,0.61,0.74357
0.1,0.61,1.52328
0.1,0.61,0.07758
0.1,0.61,0.66116
0.1,0.61,0.36193
0.1,0.61,2.18518
0.1,0.61,0.45607
0.1,0.61,0.37852
0.1,0.61,0.708
0.1,0.61,0.66789
0.1,0.61,0.24229
0.1,0.61,0.37362
0.1,0.61,0.38708
0.1,0.61,1.37518
0.1,0.61,0.33968
0.1,0.61,0.04478
0.1,0.61,0.7374
0.1,0.61,1.46488
0.1,0.61,0.13189
0.1,0.61,0.14487
0.1,0.61,0.11614
0.1,0.61,0.24926
0.1,0.61,0.06985
0.1,0.61,0.40248
0.1,0.61,0.28203
0.1,0.61,0.73319
0.1,0.61,1.15913
0.1,0.61,0.90438
0.1,0.61,0.8216
0.1,0.61,1.31733
0.1,0.61,0.5676
0.1,0.61,0.13754
0.1,0.61,0.22918
0.1,0.61,0.05453
0.1,0.61,1.13429
0.1,0.61,0.34423
0.1,0.61,0.0255
0.1,0.61,0.34351
0.1,0.61,0.51408
0.1,0.61,0.60771
0.1,0.61,0.45229
0.1,0.61,1.09479
0.1,0.61,0.28265
0.1,0.61,0.03303
0.1,0.61,0.80376
0.1,0.61,0.06992
0.1,0.61,0.3146
0.1,0.61,1.35711
0.1,0.61,0.03664
0.1,0.61,0.59188
0.1,0.61,0.09826
0.1,0.61,0.76159
0.1,0.61,0.03429
0.1,0.61,0.82552
0.1,0.61,0.51438
0.1,0.61,0.42344
0.1,0.61,0.78824
0.1,0.61,0.44947
0.1,0.61,0.49895
0.1,0.61,0.91237
0.1,0.61,0.17522
0.1,0.61,0.15626
0.1,0.61,0.72967
0.1,0.61,0.82996
0.1,0.61,0.70294
0.1,0.61,0.04861
0.1,0.61,0.17705
0.1,0.61,0.16476
0.1,0.61,0.78009
0.1,0.61,0.05062
0.1,0.61,0.33037
0.1,0.61,2.0184
0.1,0.61,1.42598
0.1,0.61,0.21945
0.1,0.61,0.63694
0.1,0.61,1.11017
0.1,0.61,0.1885
0.1,0.61,2.15599
0.1,0.61,1.24141
0.1,0.61,1.18695
0.1,0.61,1.5405
0.1,0.61,0.67663
0.1,0.61,0.47688
0.1,0.61,0.35907
0.1,0.61,0.10719
0.1,0.61,0.87507
0.1,0.61,0.41378
0.1,0.61,0.65574
0.1,0.61,1.30822
0.1,0.61,0.855
0.1,0.61,0.49387
0.1,0.61,1.64186
0.1,0.61,1.18118
0.1,0.61,0.64657
0.1,0.61,0.22043
0.1,0.61,2.23693
0.1,0.61,0.18797
0.1,0.61,0.03541
0.1,0.61,0.96576
0.1,0.61,0.37534
0.1,0.61,0.47028
0.1,0.61,2.10567
0.1,0.61,1.15808
0.1,0.61,0.70612
0.1,0.61,0.43033
0.1,0.61,0.72333
0.1,0.61,0.16451
0.1,0.61,0.62968
0.1,0.61,2.66152
0.1,0.61,0.20403
0.1,0.61,1.16899
0.1,0.61,1.45426
0.1,0.61,1.1716
0.1,0.61,0.00294
0.1,0.61,0.18957
0.1,0.61,0.10643
0.1,0.61,0.8512
0.1,0.61,0.01767
0.1,0.61,1.84931
0.1,0.61,0.00111
0.1,0.61,0.44121
0.1,0.61,0.45116
0.1,0.61,0.14714
0.1,0.61,0.71215
0.1,0.61,0.35652
0.1,0.61,1.37606
0.1,0.61,2.52056
0.1,0.61,0.8046
0.1,0.61,0.44647
0.1,0.61,0.05961
0.1,0.61,0.93901
0.1,0.61,0.83004
0.1,0.61,0.55598
0.1,0.61,1.49733
0.1,0.61,0.45158
0.1,0.61,0.03063
0.1,0.61,0.27186
0.1,0.61,0.44439
0.1,0.61,0.26162
0.1,0.61,0.07087
0.1,0.61,1.51444
0.1,0.61,0.35269
0.1,0.61,0.45041
0.1,0.61,0.63359
0.1,0.61,0.20211
0.1,0.61,0.28481
0.1,0.61,0.05039
0.1,0.61,3.22702
0.1,0.61,0.20889
0.1,0.61,0.13625
0.1,0.61,1.64932
0.1,0.61,0.92122
0.1,0.61,0.31116
0.1,0.61,0.53554
0.1,0.61,0.49705
0.1,0.61,0.75696
0.1,0.61,0.68532
0.1,0.61,0.87977
0.1,0.61,0.24884
0.1,0.61,0.20852
0.1,0.61,0.03066
0.1,0.61,0.12311
0.1,0.61,1.39956
0.1,0.61,0.26054
0.1,0.61,0.97622
0.1,0.61,1.75275
0.1,0.61,0.50175
0.1,0.61,0.92652
0.1,0.61,0.06698
0.1,0.61,0.55468
0.1,0.61,1.25538
0.1,0.61,0.15515
0.1,0.61,1.05372
0.1,0.61,0.11872
0.1,0.61,0.42961
0.1,0.61,0.71822
0.1,0.61,2.07583
0.1,0.61,0.38804
0.1,0.61,0.35493
0.1,0.61,1.68845
0.1,0.61,0.05308
0.1,0.61,0.65578
0.1,0.61,0.09998
0.1,0.61,0.44515
0.1,0.61,0.64129
0.1,0.61,0.15473
0.1,0.61,1.20894
0.1,0.61,0.10854
0.1,0.61,0.49199
0.1,0.61,1.02638
0.1,0.61,0.91486
0.1,0.61,1.54021
0.1,0.61,0.57894
0.1,0.61,0.28008
0.1,0.61,0.46175
0.1,0.61,0.30251
0.1,0.61,0.24349
0.1,0.61,0.29876
0.1,0.61,1.5634
0.1,0.61,1.89083
0.1,0.61,1.65234
0.1,0.61,0.55822
0.1,0.61,0.06673
0.1,0.61,0.05838
0.1,0.61,1.33393
0.1,0.61,0.69592
0.1,0.61,1.54678
0.1,0.61,0.02435
0.1,0.61,0.60143
0.1,0.61,0.78613
0.1,0.61,2.52531
0.1,0.61,0.34223
0.1,0.61,1.16493
0.1,0.61,1.46669
0.1,0.61,0.23215
0.1,0.61,0.4736
0.1,0.61,0.27051
0.1,0.61,1.21487
0.1,0.61,0.7427
0.1,0.61,0.59133
0.1,0.61,1.91068
0.1,0.61,1.0308
0.1,0.61,0.49093
0.1,0.61,0.22827
0.1,0.61,3.22587
0.1,0.61,0.09167
0.1,0.61,0.02985
0.1,0.61,0.83241
0.1,0.61,0.59983
0.1,0.61,0.3747
0.1,0.61,1.20586
0.1,0.61,0.43357
0.1,0.61,0.90879
0.1,0.61,1.14247
0.1,0.61,0.71205
0.1,0.61,0.12642
0.1,0.61,0.31083
0.1,0.61,0.39321
0.1,0.61,0.76212
0.1,0.61,0.06032
0.1,0.61,0.18129
0.1,0.61,1.16545
0.1,0.61,0.58179
0.1,0.61,0.15567
0.1,0.61,1.80644
0.1,0.61,0.26849
0.1,0.61,0.03104
0.1,0.61,0.52015
0.1,0.61,0.24892
0.1,0.61,1.07823
0.1,0.61,0.29302
0.1,0.61,0.85314
0.1,0.61,0.81413
0.1,0.61,1.6143
0.1,0.61,0.33967
0.1,0.61,0.02272
0.1,0.61,0.99978
0.1,0.61,0.64528
0.1,0.61,0.8222
0.1,0.61,0.05517
0.1,0.61,0.66766
0.1,0.61,0.48171
0.1,0.61,0.0651
0.1,0.61,2.52864
0.1,0.61,1.17065
0.1,0.61,0.25478
0.1,0.61,2.59966
0.1,0.61,2.07901
0.1,0.61,0.38506
0.1,0.61,0.31697
0.1,0.61,1.20209
0.1,0.61,0.11446
0.1,0.61,1.11342
0.1,0.61,1.51776
0.1,0.61,1.09847
0.1,0.61,0.72638
0.1,0.61,0.74469
0.1,0.61,0.06713
0.1,0.61,1.08047
0.1,0.61,0.1124
0.1,0.61,1.12308
0.1,0.61,1.16598
0.1,0.61,0.61568
0.1,0.61,0.23144
0.1,0.61,0.42195
0.1,0.61,0.8678
0.1,0.61,0.5233
0.1,0.61,0.42317
0.1,0.61,0.91798
0.1,0.61,0.21133
0.1,0.61,0.71334
0.1,0.61,0.21027
0.1,0.61,1.55255
0.1,0.61,0.48976
0.1,0.61,0.18249
0.1,0.61,0.19806
0.1,0.61,0.42889
0.1,0.61,0.41399
0.1,0.61,0.56158
0.1,0.61,0.51035
0.1,0.61,0.21853
0.1,0.61,1.34232
0.1,0.61,1.07955
0.1,0.61,0.71302
0.1,0.61,0.02643
0.1,0.61,0.73052
0.1,0.61,1.37443
0.1,0.61,0.25008
0.1,0.61,0.46597
0.1,0.61,0.3033
0.1,0.61,0.55251
0.1,0.61,0.44565
0.1,0.61,0.20642
0.1,0.61,0.34953
0.1,0.61,0.25394
0.1,0.61,0.41329
0.1,0.61,0.32578
0.1,0.61,0.371
0.1,0.61,1.77926
0.1,0.61,0.09314
0.1,0.61,0.03903
0.1,0.61,1.17036
0.1,0.61,0.92213
0.1,0.61,0.28143
0.1,0.61,0.02983
0.1,0.61,0.19214
0.1,0.61,0.53862
0.1,0.61,0.1594
0.1,0.61,0.09247
0.1,0.61,0.62392
0.1,0.61,0.77119
0.1,0.61,0.32272
0.1,0.61,0.66458
0.1,0.61,1.06693
0.1,0.61,0.09509
0.1,0.61,0.47576
0.1,0.61,0.61415
0.1,0.61,0.44947
0.1,0.61,0.04096
0.1,0.61,0.89231
0.1,0.61,0.44298
0.1,0.61,0.32669
0.1,0.61,0.44642
0.1,0.61,0.28615
0.1,0.61,3.66
0.1,0.61,0.26223
0.1,0.61,0.60575
0.1,0.61,0.4006
0.1,0.61,0.37219
0.1,0.61,0.01904
0.1,0.61,0.16465
0.1,0.61,0.00534
0.1,0.61,1.48616
0.1,0.61,0.96063
0.1,0.61,0.10851
0.1,0.61,2.16098
0.1,0.61,0.23514
0.1,0.61,1.20589
0.1,0.61,0.51199
0.1,0.61,0.4648
0.1,0.61,0.6612
0.1,0.61,0.19474
0.1,0.61,0.23979
0.1,0.61,0.72856
0.1,0.61,0.57151
0.1,0.61,0.66128
0.1,0.61,0.39228
0.1,0.61,0.24864
0.1,0.61,0.07677
0.1,0.61,0.97886
0.1,0.61,1.30122
0.1,0.61,0.12838
0.1,0.61,0.29767
0.1,0.61,0.21501
0.1,0.61,1.97376
0.1,0.61,0.01089
0.1,0.61,0.26882
0.1,0.61,0.94167
0.1,0.61,0.59699
0.1,0.61,0.4501
0.1,0.61,0.491
0.1,0.61,0.74687
0.1,0.61,1.17381
0.1,0.61,0.62012
0.1,0.61,0.52338
0.1,0.61,0.38571
0.1,0.61,0.53702
0.1,0.61,0.71578
0.1,0.61,0.32002
0.1,0.61,0.96989
0.1,0.61,0.17674
0.1,0.61,1.25936
0.1,0.61,0.74553
0.1,0.61,0.67364
0.1,0.61,0.6452
0.1,0.61,1.7367
0.1,0.61,1.4928
0.1,0.61,0.48274
0.1,0.61,0.82687
0.1,0.61,0.16672
0.1,0.61,0.45486
0.1,0.61,0.62405
0.1,0.61,0.58619
0.1,0.61,0.45273
0.1,0.61,0.83851
0.1,0.61,0.17506
0.1,0.61,0.4243
0.1,0.61,0.77612
0.1,0.61,1.20604
0.1,0.61,0.02637
0.1,0.61,0.43204
0.1,0.61,0.13624
0.1,0.61,0.15884
0.1,0.61,0.5692
0.1,0.61,0.87819
0.1,0.61,0.08005
0.1,0.61,0.31555
0.1,0.61,0.44254
0.1,0.61,0.01243
0.1,0.61,0.35448
0.1,0.61,0.82424
0.1,0.67,0.90792
0.1,0.67,2.05809
0.1,0.67,1.56355
0.1,0.67,0.33308
0.1,0.67,0.07697
0.1,0.67,0.50008
0.1,0.67,0.80669
0.1,0.67,0.51409
0.1,0.67,0.29025
0.1,0.67,0.19884
0.1,0.67,0.54576
0.1,0.67,0.05276
0.1,0.67,0.72063
0.1,0.67,0.05988
0.1,0.67,0.17533
0.1,0.67,0.24126
0.1,0.67,0.39064
0.1,0.67,0.34307
0.1,0.67,0.90198
0.1,0.67,0.74076
0.1,0.67,0.22289
0.1,0.67,2.25503
0.1,0.67,0.49261
0.1,0.67,0.01593
0.1,0.67,0.36963
0.1,0.67,0.44244
0.1,0.67,2.03324
0.1,0.67,0.45335
0.1,0.67,0.75611
0.1,0.67,0.66428
0.1,0.67,0.86937
0.1,0.67,0.63764
0.1,0.67,0.30789
0.1,0.67,0.50746
0.1,0.67,0.33644
0.1,0.67,0.85638
0.1,0.67,1.83959
0.1,0.67,0.72261
0.1,0.67,0.61511
0.1,0.67,1.26128
0.1,0.67,0.57079
0.1,0.67,0.03444
0.1,0.67,0.38398
0.1,0.67,1.20333
0.1,0.67,0.11209
0.1,0.67,0.82737
0.1,0.67,1.43241
0.1,0.67,0.83132
0.1,0.67,1.12932
0.1,0.67,0.01235
0.1,0.67,0.88739
0.1,0.67,0.49802
0.1,0.67,0.16659
0.1,0.67,0.57404
0.1,0.67,0.17225
0.1,0.67,0.00406
0.1,0.67,0.36088
0.1,0.67,0.11026
0.1,0.67,1.89762
0.1,0.67,0.44459
0.1,0.67,0.18672
0.1,0.67,0.36943
0.1,0.67,0.07061
0.1,0.67,0.47175
0.1,0.67,0.75227
0.1,0.67,0.80926
0.1,0.67,0.89593
0.1,0.67,0.06112
0.1,0.67,0.47831
0.1,0.67,0.05055
0.1,0.67,0.66815
0.1,0.67,0.12075
0.1,0.67,0.00506
0.1,0.67,0.04116
0.1,0.67,0.43453
0.1,0.67,0.49025
0.1,0.67,0.27948
0.1,0.67,1.33405
0.1,0.67,0.83337
0.1,0.67,0.4025
0.1,0.67,0.05715
0.1,0.67,0.14694
0.1,0.67,0.67616
0.1,0.67,0.12209
0.1,0.67,0.55344
0.1,0.67,0.55636
0.1,0.67,0.94818
0.1,0.67,0.71298
0.1,0.67,0.08478
0.1,0.67,0.80613
0.1,0.67,1.17914
0.1,0.67,1.12425
0.1,0.67,1.64643
0.1,0.67,1.0416
0.1,0.67,0.37294
0.1,0.67,0.29328
0.1,0.67,0.29119
0.1,0.67,0.78743
0.1,0.67,1.17426
0.1,0.67,0.99645
0.1,0.67,1.3406
0.1,0.67,1.41211
0.1,0.67,0.70879
0.1,0.67,0.33687
0.1,0.67,1.02489
0.1,0.67,0.03947
0.1,0.67,1.63778
0.1,0.67,1.26476
0.1,0.67,1.68505
0.1,0.67,0.39827
0.1,0.67,0.02017
0.1,0.67,0.37506
0.1,0.67,0.35197
0.1,0.67,0.40906
0.1,0.67,0.61266
0.1,0.67,2.39118
0.1,0.67,0.76566
0.1,0.67,0.31046
0.1,0.67,0.81741
0.1,0.67,0.66167
0.1,0.67,0.36392
0.1,0.67,0.92649
0.1,0.67,0.32572
0.1,0.67,0.1872
0.1,0.67,1.29684
0.1,0.67,1.50298
0.1,0.67,0.29448
0.1,0.67,0.12561
0.1,0.67,0.85504
0.1,0.67,0.71862
0.1,0.67,0.3169
0.1,0.67,1.25482
0.1,0.67,0.48677
0.1,0.67,0.88469
0.1,0.67,0.24519
0.1,0.67,0.28546
0.1,0.67,0.38784
0.1,0.67,0.28305
0.1,0.67,0.83964
0.1,0.67,1.79618
0.1,0.67,1.02514
0.1,0.67,0.53516
0.1,0.67,0.67491
0.1,0.67,0.7089
0.1,0.67,0.62691
0.1,0.67,0.26819
0.1,0.67,0.58359
0.1,0.67,0.1209
0.1,0.67,1.08647
0.1,0.67,2.03139
0.1,0.67,0.54471
0.1,0.67,0.35489
0.1,0.67,0.06761
0.1,0.67,1.7598
0.1,0.67,0.52331
0.1,0.67,1.07728
0.1,0.67,0.36328
0.1,0.67,1.55536
0.1,0.67,1.00607
0.1,0.67,1.04421
0.1,0.67,0.06747
0.1,0.67,0.03361
0.1,0.67,0.96263
0.1,0.67,0.0957
0.1,0.67,1.1489
0.1,0.67,0.24878
0.1,0.67,0.62837
0.1,0.67,0.11244
0.1,0.67,0.18684
0.1,0.67,1.21799
0.1,0.67,0.47879
0.1,0.67,0.5917
0.1,0.67,0.58763
0.1,0.67,0.2526
0.1,0.67,0.51352
0.1,0.67,1.79912
0.1,0.67,0.45775
0.1,0.67,1.03085
0.1,0.67,0.62927
0.1,0.67,0.65874
0.1,0.67,0.20096
0.1,0.67,1.1324
0.1,0.67,0.94955
0.1,0.67,0.49237
0.1,0.67,0.08325
0.1,0.67,0.27409
0.1,0.67,0.8186
0.1,0.67,1.33368
0.1,0.67,1.23471
0.1,0.67,0.04659
0.1,0.67,0.49731
0.1,0.67,0.55185
0.1,0.67,0.74283
0.1,0.67,0.64741
0.1,0.67,0.42278
0.1,0.67,1.07542
0.1,0.67,0.44764
0.1,0.67,0.38441
0.1,0.67,0.36265
0.1,0.67,0.32182
0.1,0.67,0.06699
0.1,0.67,1.70104
0.1,0.67,0.22675
0.1,0.67,0.25026
0.1,0.67,1.3292
0.1,0.67,0.95221
0.1,0.67,0.43968
0.1,0.67,0.6373
0.1,0.67,0.7132
0.1,0.67,0.19304
0.1,0.67,0.68569
0.1,0.67,1.43626
0.1,0.67,0.31674
0.1,0.67,1.80736
0.1,0.67,0.70166
0.1,0.67,0.58903
0.1,0.67,0.79212
0.1,0.67,0.21392
0.1,0.67,0.81879
0.1,0.67,0.69552
0.1,0.67,1.13867
0.1,0.67,0.64227
0.1,0.67,0.34345
0.1,0.67,0.23882
0.1,0.67,0.00643
0.1,0.67,0.92737
0.1,0.67,0.22327
0.1,0.67,2.16362
0.1,0.67,0.55322
0.1,0.67,2.04381
0.1,0.67,1.75222
0.1,0.67,0.56591
0.1,0.67,2.09182
0.1,0.67,0.1348
0.1,0.67,0.01839
0.1,0.67,0.21188
0.1,0.67,2.26012
0.1,0.67,1.06653
0.1,0.67,0.20116
0.1,0.67,0.76773
0.1,0.67,2.10344
0.1,0.67,0.05463
0.1,0.67,0.00336
0.1,0.67,0.46913
0.1,0.67,0.09476
0.1,0.67,0.15337
0.1,0.67,0.16334
0.1,0.67,0.42153
0.1,0.67,1.17972
0.1,0.67,0.44261
0.1,0.67,0.59957
0.1,0.67,0.46331
0.1,0.67,0.98586
0.1,0.67,0.32291
0.1,0.67,0.53628
0.1,0.67,0.19405
0.1,0.67,1.2504
0.1,0.67,0.24237
0.1,0.67,0.68276
0.1,0.67,1.56694
0.1,0.67,0.51836
0.1,0.67,0.13656
0.1,0.67,0.43341
0.1,0.67,1.5978
0.1,0.67,0.65251
0.1,0.67,0.50248
0.1,0.67,1.22037
0.1,0.67,0.0424
0.1,0.67,0.84968
0.1,0.67,0.77714
