kappa_lo,lambda_margin
-0.65,0.04001781417157304
-0.6495,0.0400858891452629
-0.649,0.040153966087779935
-0.6485,0.040222030859277565
-0.648,0.040290105028026046
-0.6475,0.040358172081655125
-0.647,0.04042623265670483
-0.6465,0.04049430024620269
-0.646,0.04056235791908346
-0.6455,0.04063041717353993
-0.645,0.04069846709272324
-0.6445,0.04076652011758854
-0.644,0.04083457469447886
-0.6435,0.04090261952010042
-0.643,0.04097066845287575
-0.6425,0.04103870282032581
-0.642,0.041106749551178934
-0.6415,0.041174787404979964
-0.641,0.04124282313124415
-0.6405,0.04131085429522964
-0.64,0.04137888216279134
-0.6395,0.041446911935079635
-0.639,0.04151493197010235
-0.6385,0.0415829577910926
-0.638,0.04165097806509548
-0.6375,0.041718995891959085
-0.637,0.04178700953965323
-0.6365,0.04185502021292697
-0.636,0.04192303209803716
-0.6355,0.0419910370782613
-0.635,0.042059043764196474
-0.6345,0.04212704163107954
-0.634,0.04219504019351048
-0.6335,0.04226303690704292
-0.633,0.04233102370342391
-0.6325,0.04239902325388987
-0.632,0.04246700431252036
-0.6315,0.0425349925321394
-0.631,0.04260297547729368
-0.6305,0.042670955511719295
-0.63,0.04273892915875589
-0.6295,0.042806900707359
-0.629,0.042874874011795815
-0.6285,0.04294283867849998
-0.628,0.043010805617386585
-0.6275,0.0430787669651739
-0.627,0.04314672960116236
-0.6265,0.04321468442297816
-0.626,0.04328263240796444
-0.6255,0.043350588156038046
-0.625,0.043418530034282546
-0.6245,0.04348647489483305
-0.624,0.043554414000697816
-0.6235,0.04362235656540084
-0.623,0.0436902891784284
-0.6225,0.04375821977854164
-0.622,0.043826154473334614
-0.6215,0.04389407642366637
-0.621,0.043961998800697115
-0.6205,0.04402991670575367
-0.62,0.04409783814656313
-0.6195,0.044165750779069785
-0.619,0.04423365821141035
-0.6185,0.04430156277438037
-0.618,0.04436946849432416
-0.6175,0.04443736599475861
-0.617,0.04450526808116882
-0.6165,0.044573161020156946
-0.616,0.04464105714154334
-0.6155,0.04470893821489011
-0.615,0.04477682388381918
-0.6145,0.044844708852653146
-0.614,0.04491258484485265
-0.6135,0.04498046334235817
-0.613,0.045048332938941484
-0.6125,0.04511620275463862
-0.612,0.04518406493432894
-0.6115,0.04525192795992656
-0.611,0.0453197846441989
-0.6105,0.04538763664381891
-0.61,0.045455491196021984
-0.6095,0.04552333494060108
-0.609,0.04559118106171091
-0.6085,0.04565902654793382
-0.608,0.045726858387324015
-0.6075,0.04579469101508335
-0.607,0.04586252596662991
-0.6065,0.04593035251326857
-0.606,0.04599817484492758
-0.6055,0.046065993201424044
-0.605,0.04613381130104123
-0.6045,0.04620162487213763
-0.604,0.046269438461296934
-0.6035,0.046337237862281735
-0.603,0.04640504197383795
-0.6025,0.04647284247386218
-0.602,0.04654063652030363
-0.6015,0.046608431277051804
-0.601,0.04667621802405961
-0.6005,0.04674400320042591
-0.6,0.046811784640904235
-0.5995,0.04687956280336258
-0.599,0.046947334890135875
-0.5985,0.04701510256279526
-0.598,0.04708287002281996
-0.5975,0.04715062993122494
-0.597,0.04721839179875369
-0.5965,0.04728614745087568
-0.596,0.04735389255454061
-0.5955,0.04742164566408483
-0.595,0.04748938816064253
-0.5945,0.04755713071689135
-0.594,0.04762486157218822
-0.5935,0.04769259205627227
-0.593,0.04776032512565199
-0.5925,0.04782804529557548
-0.592,0.047895769666451156
-0.5915,0.047963480335192626
-0.591,0.04803120163513167
-0.5905,0.04809890685270206
-0.59,0.048166613441514496
-0.5895,0.04823431645995636
-0.589,0.04830200568871293
-0.5885,0.04836970701071971
-0.588,0.04843739143687595
-0.5875,0.048505078367616
-0.587,0.048572760020079625
-0.5865,0.04864043470572136
-0.586,0.04870811309192849
-0.5855,0.048775777365766736
-0.585,0.04884344652564953
-0.5845,0.048911106978698854
-0.584,0.04897875961959875
-0.5835,0.04904642241155235
-0.583,0.04911406452886115
-0.5825,0.04918171557968968
-0.582,0.049249353158500986
-0.5815,0.04931698754217719
-0.581,0.04938462665076919
-0.5805,0.049452250232583456
-0.58,0.04951987711302666
-0.5795,0.04958749555053908
-0.579,0.049655109968546544
-0.5785,0.0497227263694144
-0.578,0.04979032953507838
-0.5775,0.049857934681955735
-0.577,0.04992552928152024
-0.5765,0.04999312927126811
-0.576,0.05006071896828294
-0.5755,0.05012830704993773
-0.575,0.05019588845584385
-0.5745,0.05026346418960496
-0.574,0.05033104328560614
-0.5735,0.050398605883331705
-0.573,0.05046617672298023
-0.5725,0.05053373443819105
-0.572,0.05060129161801668
-0.5715,0.05066884501710967
-0.571,0.05073639019604936
-0.5705,0.05080393432276437
-0.57,0.05087147690116694
-0.5695,0.05093900873095856
-0.569,0.05100653536419139
-0.5685,0.05107405998387551
-0.568,0.05114158523432471
-0.5675,0.051209099365924174
-0.567,0.05127661757264335
-0.5665,0.05134412305534769
-0.566,0.051411624491660673
-0.5655,0.05147912608803469
-0.565,0.05154661493241124
-0.5645,0.051614108630545136
-0.564,0.05168159768592725
-0.5635,0.05174907273698046
-0.563,0.051816553615468455
-0.5625,0.0518840173892305
-0.562,0.051951495708804384
-0.5615,0.05201894938568947
-0.561,0.05208641085399781
-0.5605,0.05215386874052329
-0.56,0.05222131359696059
-0.5595,0.05228876291123207
-0.559,0.052356197168534804
-0.5585,0.05242363425775928
-0.558,0.052491059901762824
-0.5575,0.052558482822085764
-0.557,0.05262591129824865
-0.5565,0.05269332589531199
-0.556,0.0527607407833848
-0.5555,0.052828141580007995
-0.555,0.05289554378292132
-0.5545,0.05296294375650215
-0.554,0.05303033479121803
-0.5535,0.05309772469118729
-0.553,0.05316511038092376
-0.5525,0.05323248337259777
-0.552,0.05329985630139955
-0.5515,0.053367223461598785
-0.551,0.05343458871151571
-0.5505,0.05350194747301846
-0.55,0.05356930970494744
-0.5495,0.053636654364039776
-0.549,0.05370400101744602
-0.5485,0.05377133734298405
-0.548,0.05383866810211794
-0.5475,0.05390600252296347
-0.547,0.05397332846058086
-0.5465,0.05404064688731004
-0.546,0.05410796091488976
-0.5455,0.054175273888537295
-0.545,0.05424257863124863
-0.5445,0.05430987740899465
-0.544,0.05437717486707481
-0.5435,0.05444446780992112
-0.543,0.054511749483066994
-0.5425,0.054579028418048785
-0.542,0.054646304103030195
-0.5415,0.05471357550553611
-0.541,0.05478084163652542
-0.5405,0.05484810039202443
-0.54,0.054915362409232935
-0.5395,0.05498260679621665
-0.539,0.05504985413970057
-0.5385,0.055117092760133025
-0.538,0.05518432520338128
-0.5375,0.055251557157016774
-0.537,0.05531878236312498
-0.5365,0.055386008055961514
-0.536,0.05545321841451937
-0.5355,0.05552043067056381
-0.535,0.05558762965955292
-0.5345,0.055654831795720325
-0.534,0.055722023677940755
-0.5335,0.055789215822412516
-0.533,0.05585639802792755
-0.5325,0.05592357811458745
-0.532,0.05599074721879036
-0.5315,0.05605791625977593
-0.531,0.05612507706011467
-0.5305,0.05619224074055689
-0.53,0.056259395356848305
-0.5295,0.05632654021725593
-0.529,0.05639367935642135
-0.5285,0.056460814249805695
-0.528,0.056527947280047855
-0.5275,0.05659507533938066
-0.527,0.05666219641743811
-0.5265,0.056729310357044135
-0.526,0.05679612052971481
-0.5255,0.05686321579397923
-0.525,0.05693031104165728
-0.5245,0.05699739951185346
-0.524,0.05706449630172367
-0.5235,0.05713157625898943
-0.523,0.057198652432170094
-0.5225,0.05726572422501668
-0.522,0.05733278809877364
-0.5215,0.05739985103898704
-0.521,0.05746690541378996
-0.5205,0.05753395504546494
-0.52,0.057601000432733696
-0.5195,0.05766804209137377
-0.519,0.057735073488951245
-0.5185,0.057802103348782725
-0.518,0.057869121670124625
-0.5175,0.057936143340287787
-0.517,0.058003156341156784
-0.5165,0.05807016148687743
-0.516,0.058137163578785046
-0.5155,0.05820415368614353
-0.515,0.05827115527082342
-0.5145,0.0583381353473602
-0.514,0.05840511643330387
-0.5135,0.0584720904704102
-0.513,0.05853905794983351
-0.5125,0.05860602185296365
-0.512,0.058672978038332504
-0.5115,0.05873992435269383
-0.511,0.05880687211725693
-0.5105,0.05887380923927377
-0.51,0.05894074658765987
-0.5095,0.05900767513078001
-0.509,0.059074600968010094
-0.5085,0.05914151624053391
-0.508,0.05920842533661505
-0.5075,0.05927533638665863
-0.507,0.059342231900848856
-0.5065,0.059409130299736344
-0.506,0.059476019436579486
-0.5055,0.05954290202815837
-0.505,0.059609782023392496
-0.5045,0.05967665342216924
-0.504,0.059743517273765555
-0.5035,0.05981038143666974
-0.503,0.059877233286279925
-0.5025,0.059944083418341815
-0.502,0.06001092464001425
-0.5015,0.060077766978669345
-0.501,0.060144597684894247
-0.5005,0.06021142123895343
-0.5,0.060278246478620644
-0.4995,0.06034505375653176
-0.499,0.060411867247059665
-0.4985,0.06047866622945895
-0.498,0.060545460954665536
-0.4975,0.06061225674830321
-0.497,0.060679036883250784
-0.4965,0.06074581819265884
-0.496,0.06081259305918019
-0.4955,0.06087935910718904
-0.495,0.06094612399966409
-0.4945,0.06101287847857154
-0.494,0.06107962762532675
-0.4935,0.06114637064125289
-0.493,0.061213106469085156
-0.4925,0.061279845643824445
-0.492,0.06134656651658375
-0.4915,0.06141329103106301
-0.491,0.061480002100073
-0.4905,0.061546710073835456
-0.49,0.06161341346969302
-0.4895,0.06168011061886786
-0.489,0.061746803230426806
-0.4885,0.06181348655210926
-0.488,0.06188016009303324
-0.4875,0.06194683874901933
-0.487,0.06201349904885368
-0.4865,0.06208016466642786
-0.486,0.06214681936603229
-0.4855,0.06221346171673416
-0.485,0.062280109651702706
-0.4845,0.062346742080022645
-0.484,0.06241337415207613
-0.4835,0.06247999775412968
-0.483,0.06254661609312054
-0.4825,0.06261322996507723
-0.482,0.06267983179533848
-0.4815,0.06274643408263203
-0.481,0.06281302810555275
-0.4805,0.0628796074989109
-0.48,0.06294619572047523
-0.4795,0.0630127624343378
-0.479,0.06307933425351964
-0.4785,0.06314589862097951
-0.478,0.06321245103578133
-0.4775,0.06327900920573176
-0.477,0.06334555099156852
-0.4765,0.06341208809646645
-0.476,0.06347861777335817
-0.4755,0.06354514439917731
-0.475,0.06361166374617402
-0.4745,0.06367817937144184
-0.474,0.0637446797506157
-0.4735,0.0638111878879413
-0.473,0.06387767766005238
-0.4725,0.06394417128796201
-0.472,0.06401065028176424
-0.4715,0.06407712174152569
-0.471,0.06414359344958612
-0.4705,0.06421005295924723
-0.47,0.06427651218447891
-0.4695,0.06434295858230406
-0.469,0.06440940743708104
-0.4685,0.0644758492408225
-0.468,0.0645422728435655
-0.4675,0.06460870014585064
-0.467,0.06467511992551676
-0.4665,0.06474153020306511
-0.466,0.0648079445039354
-0.4655,0.06487433787871819
-0.465,0.06494073069137292
-0.4645,0.06500711542634512
-0.464,0.0650734950224343
-0.4635,0.0651398740769486
-0.463,0.06520623935853946
-0.4625,0.06527260273963774
-0.462,0.06533895371937115
-0.4615,0.06540530467980438
-0.461,0.06547164691720969
-0.4605,0.06553798075820719
-0.46,0.06560431186933587
-0.4595,0.06567063621424743
-0.459,0.06573694713360038
-0.4585,0.06580326233069288
-0.458,0.06586956293120481
-0.4575,0.06593585641088626
-0.457,0.06600215012642194
-0.4565,0.06606843013324727
-0.456,0.06613471437244019
-0.4555,0.06620098091619306
-0.455,0.06626724282847872
-0.4545,0.06633350225299178
-0.454,0.06639974696417526
-0.4535,0.06646600201002749
-0.453,0.06653223579168356
-0.4525,0.06659846538651687
-0.452,0.06666469370252501
-0.4515,0.06673091104837056
-0.451,0.06679712049776126
-0.4505,0.06686333097729315
-0.45,0.06692952636668435
-0.4495,0.06699571902778274
-0.449,0.06706190036725956
-0.4485,0.06712808284353966
-0.448,0.067194257708848
-0.4475,0.06726042089691664
-0.447,0.06732657884759279
-0.4465,0.06739273081048654
-0.446,0.06745887660077766
-0.4455,0.06752501693234131
-0.445,0.0675911480362181
-0.4445,0.0676572722515922
-0.444,0.06772339422646793
-0.4435,0.06778949949189184
-0.443,0.06785561267631328
-0.4425,0.06792171011659458
-0.442,0.06798780250115039
-0.4415,0.06805388485282785
-0.441,0.0681199674480131
-0.4405,0.06818603511499953
-0.44,0.06825209977128484
-0.4395,0.0683181619928624
-0.439,0.06838421739319371
-0.4385,0.06845025978570747
-0.438,0.06851630052697363
-0.4375,0.06858233117888805
-0.437,0.06864835388542175
-0.4365,0.06871437207112539
-0.436,0.06878038142586394
-0.4355,0.06884638920156427
-0.435,0.06891238578314436
-0.4345,0.06897838091040027
-0.434,0.06904435999493018
-0.4335,0.06911033927320813
-0.433,0.06917630787767413
-0.4325,0.06924227462492005
-0.432,0.06930823112940808
-0.4315,0.06937417877669558
-0.431,0.06944012154445722
-0.4305,0.06950605880211028
-0.43,0.06957198859572432
-0.4295,0.0696379148665006
-0.429,0.06970382663232512
-0.4285,0.06976973504402224
-0.428,0.06983563640214856
-0.4275,0.06990153491209222
-0.427,0.06996742155608267
-0.4265,0.0700333038801632
-0.426,0.0700991741160739
-0.4255,0.07016504361087655
-0.425,0.07023090471419258
-0.4245,0.07029675585191304
-0.424,0.07036260765416899
-0.4235,0.07042844660681574
-0.423,0.07049427954617124
-0.4225,0.07056010240936074
-0.422,0.07062592362090268
-0.4215,0.07069173817269053
-0.421,0.07075753972742425
-0.4205,0.07082333799706948
-0.42,0.07088912747340421
-0.4195,0.07095491462717839
-0.419,0.07102068751319704
-0.4185,0.07108646049894185
-0.418,0.07115222445026079
-0.4175,0.07121797974761235
-0.417,0.07128373552601781
-0.4165,0.07134947172681902
-0.416,0.07141520594434753
-0.4155,0.07148093436047705
-0.415,0.07154665457754313
-0.4145,0.07161236851412804
-0.414,0.07167807506376582
-0.4135,0.07174377644219034
-0.413,0.07180947160197115
-0.4125,0.07187515708554813
-0.412,0.07194083103425593
-0.4115,0.07200650568120076
-0.411,0.0720721707422249
-0.4105,0.07213783125093465
-0.41,0.07220347905600231
-0.4095,0.0722691215345801
-0.409,0.07233476009994837
-0.4085,0.07240038710425745
-0.408,0.07246600785066651
-0.4075,0.07253162741026915
-0.407,0.07259722939299865
-0.4065,0.07266283420129116
-0.406,0.07272842258163492
-0.4055,0.07279401128667054
-0.405,0.0728595917582032
-0.4045,0.0729251652965513
-0.404,0.07299072414554923
-0.4035,0.07305629237800391
-0.403,0.0731218365634356
-0.4025,0.07318738290284438
-0.402,0.07325291375252707
-0.4015,0.07331844440519808
-0.401,0.07338396954980488
-0.4005,0.07344948156746355
-0.4,0.07351498814310939
-0.3995,0.07358049185272683
-0.399,0.07364598505365753
-0.3985,0.07371147144627413
-0.398,0.0737769455831706
-0.3975,0.07384241902857967
-0.397,0.07390788024887228
-0.3965,0.07397333751499809
-0.396,0.07403878951274263
-0.3955,0.07410423465844251
-0.395,0.07416966745609306
-0.3945,0.07423509737681498
-0.394,0.07430051437485735
-0.3935,0.07436592568980215
-0.393,0.07443133271638482
-0.3925,0.0744967310958319
-0.392,0.07456212965415879
-0.3915,0.07462750757617066
-0.391,0.07469288815101609
-0.3905,0.07475826054915936
-0.39,0.07482361511673104
-0.3895,0.07488897840540161
-0.389,0.0749543218896175
-0.3885,0.07501965607726417
-0.388,0.07508499807482423
-0.3875,0.07515031500438071
-0.387,0.07521564382400805
-0.3865,0.075280948791869
-0.386,0.0753462562678695
-0.3855,0.07541155518323132
-0.385,0.07547683968448372
-0.3845,0.0755421221245634
-0.384,0.07560740155536409
-0.3835,0.07567254737510529
-0.383,0.0757378106421038
-0.3825,0.07580305683835244
-0.382,0.07586829886356794
-0.3815,0.07593354026979657
-0.381,0.07599876821899752
-0.3805,0.07606398862299432
-0.38,0.07612920501263468
-0.3795,0.07619441176835584
-0.379,0.07625961689085824
-0.3785,0.07632480153090716
-0.378,0.07638999117394414
-0.3775,0.07645517304087757
-0.377,0.07652034144809763
-0.3765,0.07658550528804223
-0.376,0.07665065945320362
-0.3755,0.07671580556682632
-0.375,0.0767809551370334
-0.3745,0.07684608209912473
-0.374,0.07691120651935193
-0.3735,0.07697632891098585
-0.373,0.07704143761616034
-0.3725,0.07710654659235408
-0.372,0.07717163743736495
-0.3715,0.07723672521210258
-0.371,0.07730181660755141
-0.3705,0.07736687970098804
-0.37,0.07743195093687381
-0.3695,0.0774970117184311
-0.369,0.07756206074431851
-0.3685,0.07762710472234266
-0.368,0.07769214399120454
-0.3675,0.0777571673480304
-0.367,0.07782219278854752
-0.3665,0.07788720145847948
-0.366,0.07795221246448028
-0.3655,0.07801721230521522
-0.365,0.07808220167385739
-0.3645,0.078147188105536
-0.364,0.07821216381779664
-0.3635,0.07827712933812943
-0.363,0.07834209871752226
-0.3625,0.07840704247479746
-0.362,0.07847199056364874
-0.3615,0.07853693260778524
-0.361,0.07860186139995641
-0.3605,0.07866678866206517
-0.36,0.07873170195417123
-0.3595,0.07879660792695778
-0.359,0.07886151755496808
-0.3585,0.07892640126154515
-0.358,0.07899128911932851
-0.3575,0.07905616556822266
-0.357,0.07912103513179619
-0.3565,0.07918590801700714
-0.356,0.07925075499691878
-0.3555,0.07931560365408749
-0.355,0.0793804436520043
-0.3545,0.07944527325780286
-0.354,0.07951010531612762
-0.3535,0.07957492123962202
-0.353,0.07963972570444378
-0.3525,0.07970453068579804
-0.352,0.07976932301548562
-0.3515,0.07983410215019068
-0.351,0.07989889279674418
-0.3505,0.07996366366337658
-0.35,0.013248563508133877
-0.3495,0.013332886544999664
-0.349,0.0134171884962691
-0.3485,0.013501476707876955
-0.348,0.013126604586053654
-0.3475,0.013210973385642956
-0.347,0.013295329933059846
-0.3465,0.01337964187616075
-0.346,0.01300541005124322
-0.3455,0.013089814141052898
-0.345,0.013174194136608565
-0.3445,0.013258561151624885
-0.344,0.012884941487729491
-0.3435,0.012969382178176657
-0.343,0.013053813712246762
-0.3425,0.013138223120369654
-0.342,0.012765222295783078
-0.3415,0.012849707619925156
-0.341,0.012934176280111377
-0.3405,0.01301862179073531
-0.34,0.012646238855260089
-0.3395,0.01273076952846545
-0.339,0.01281527433545913
-0.3385,0.01289976042200967
-0.338,0.012527998127429305
-0.3375,0.012612574901026664
-0.337,0.012697115266662439
-0.3365,0.012781649922529222
-0.336,0.012410508260472427
-0.3355,0.012495105962929794
-0.335,0.012579691580922807
-0.3345,0.012664259665834232
-0.334,0.01229374248982885
-0.3335,0.012378390797233069
-0.333,0.012463018396153575
-0.3325,0.012547619804546824
-0.332,0.012177718981606382
-0.3315,0.012262410921546207
-0.331,0.01234707445010511
-0.3305,0.0124317132771392
-0.33,0.01206244496017242
-0.3295,0.01214716408423353
-0.329,0.012231868877322074
-0.3285,0.012316552679253334
-0.328,0.011947894313432754
-0.3275,0.012032658837352387
-0.327,0.012117399242093532
-0.3265,0.012202117344420468
-0.326,0.011834081688338433
-0.3255,0.0119188866463957
-0.325,0.012003664883117297
-0.3245,0.01208842829308284
-0.324,0.01172100646764107
-0.3235,0.011805842621778062
-0.323,0.011890669960704451
-0.3225,0.011975468846589399
-0.322,0.011608667445389353
-0.3215,0.011693550877533954
-0.321,0.011778406689869014
-0.3205,0.011863249607113723
-0.32,0.011497059433533609
-0.3195,0.011581977967118705
-0.319,0.011666884107736256
-0.3185,0.01175175535117559
-0.318,0.011386191652812941
-0.3175,0.01147114593019448
-0.317,0.01155608473973085
-0.3165,0.011641001484212203
-0.316,0.011276047623982152
-0.3155,0.011361040888354792
-0.315,0.011446012482054435
-0.3145,0.011530973685640959
-0.314,0.01116663746268169
-0.3135,0.011251672734377268
-0.313,0.011336682842356375
-0.3125,0.011421676432910947
-0.312,0.011057962256763192
-0.3115,0.011143038790263609
-0.311,0.011228082785418972
-0.3105,0.011313121337191786
-0.31,0.010950018499606499
-0.3095,0.011035121294517768
-0.309,0.011120214547922468
-0.3085,0.011205284626105974
-0.308,0.010842801957708578
-0.3075,0.010927948322333245
-0.307,0.011013074270892083
-0.3065,0.01109818189987405
-0.306,0.01073630645472916
-0.3055,0.01082149224905313
-0.305,0.010906660923767492
-0.3045,0.01099180517093363
-0.304,0.010630554796526484
-0.3035,0.01071577733194288
-0.303,0.010800985334230032
-0.3025,0.010886153612102897
-0.302,0.010525521767640785
-0.3015,0.010610776841574654
-0.301,0.010696031324127768
-0.3005,0.01078123319359627
-0.3,0.010421222345827773
-0.2995,0.010506508452543768
-0.299,0.010591786429037178
-0.2985,0.010677041919503609
-0.298,0.010317645952509646
-0.2975,0.010402971659162001
-0.297,0.010488289046424492
-0.2965,0.01057356910321921
-0.296,0.010214785862908794
-0.2955,0.01030015693858023
-0.295,0.01038550912717054
-0.2945,0.01047083315290886
-0.294,0.010112655141927827
-0.2935,0.01019806178123443
-0.293,0.010283445678469892
-0.2925,0.010368810933408752
-0.292,0.010011250909156428
-0.2915,0.010096689315306365
-0.291,0.010182120841934827
-0.2905,0.010267503486895887
-0.29,0.00991056755154937
-0.2895,0.009996050483878461
-0.289,0.010081506148078814
-0.2885,0.010166938809963196
-0.288,0.009810606097709878
-0.2875,0.009896117868174325
-0.287,0.009981619922615061
-0.2865,0.010067083350470189
-0.286,0.009711374581070376
-0.2855,0.009796915775812117
-0.285,0.0098824439995606
-0.2845,0.009967961241804406
-0.284,0.009612666807047596
-0.2835,0.009698235459474095
-0.283,0.009783810858227444
-0.2825,0.009869340922854445
-0.282,0.009514853927432338
-0.2815,0.009600473012240084
-0.281,0.009686070926167543
-0.2805,0.009771643989023684
-0.28,0.009417771463086049
-0.2795,0.009503422392185362
-0.279,0.00958905968538313
-0.2785,0.009674668361514326
-0.278,0.009321405108939602
-0.2775,0.009407100117544663
-0.277,0.009492770209200517
-0.2765,0.00957841046275875
-0.276,0.0092257666821445
-0.2755,0.009311484198272532
-0.275,0.009397199494711107
-0.2745,0.009482881522410086
-0.274,0.0091308402472478
-0.2735,0.009216604019277732
-0.273,0.009302339880939488
-0.2725,0.009388056788930047
-0.272,0.009036635269325577
-0.2715,0.009122425339065683
-0.271,0.009208195742231605
-0.2705,0.00929395143416721
-0.27,0.008943126209258384
-0.2695,0.009028967634983743
-0.269,0.009114780562397893
-0.2685,0.009200552545941394
-0.268,0.008850358187946147
-0.2675,0.008936219972137569
-0.267,0.009022057432518648
-0.2665,0.009107898727014964
-0.266,0.008758290259437624
-0.2655,0.008844193455278605
-0.265,0.008930074845133727
-0.2645,0.009015925552482564
-0.264,0.00866693595998774
-0.2635,0.008752878263222283
-0.263,0.008838783210679773
-0.2625,0.008924683411467654
-0.262,0.008576289139242044
-0.2615,0.008662271763075617
-0.261,0.008748215425167436
-0.2605,0.008834133769547467
-0.26,0.008486362490862993
-0.2595,0.008572376223784293
-0.259,0.008658347857403579
-0.2585,0.008744311742165911
-0.258,0.008397158303388691
-0.2575,0.008483192710320822
-0.257,0.008569210001831789
-0.2565,0.008655196146640327
-0.256,0.00830865024761117
-0.2555,0.00839472659600428
-0.255,0.008480766440589768
-0.2545,0.008566787075837832
-0.254,0.008220859098660754
-0.2535,0.008306955102241637
-0.253,0.00839304116942779
-0.2525,0.008479093893885877
-0.252,0.0081337644112181
-0.2515,0.008219905946355903
-0.251,0.008306013754248377
-0.2505,0.008392104188983129
-0.25,0.02969872770856827
-0.2495,0.029778895797983252
-0.249,0.02985905774659028
-0.2485,0.02993920313049952
-0.248,0.02958451210306191
-0.2475,0.029664730710935606
-0.247,0.029744927096149038
-0.2465,0.029825100428452475
-0.246,0.029471020908494672
-0.2455,0.029551257718079385
-0.245,0.029631500388254416
-0.2445,0.0297117155419839
-0.244,0.02935822599550034
-0.2435,0.029438514263715083
-0.243,0.02951879864281892
-0.2425,0.029599039271909294
-0.242,0.029246161628492848
-0.2415,0.029326489822835367
-0.241,0.029406795597916837
-0.2405,0.029487081675627035
-0.24,0.02913479621452949
-0.2395,0.029215169466928877
-0.239,0.0292955181529829
-0.2385,0.029375828188285512
-0.238,0.029024150158911785
-0.2375,0.0291045680070074
-0.237,0.029184931401343032
-0.2365,0.02926529133742458
-0.236,0.028914215731475526
-0.2355,0.028994647439394294
-0.235,0.029075066643037197
-0.2345,0.029155462726897074
-0.234,0.028804981030552096
-0.2335,0.028885467592350673
-0.233,0.02896591452776172
-0.2325,0.02904634423493839
-0.232,0.028696470366152416
-0.2315,0.028776979513947438
-0.231,0.02885746361082666
-0.2305,0.028937943824811487
-0.23,0.02858865988098562
-0.2295,0.028669207032249316
-0.229,0.02874973053884472
-0.2285,0.028830231457614208
-0.228,0.02848155932476349
-0.2275,0.02856213952931365
-0.227,0.02864270835692453
-0.2265,0.02872324724205988
-0.226,0.028375160477928863
-0.2255,0.028455784301849866
-0.225,0.028536381141858164
-0.2245,0.028616947493591016
-0.224,0.028269478214224573
-0.2235,0.028350133778779638
-0.223,0.028430755747854624
-0.2225,0.028511364282240884
-0.222,0.028164499708225748
-0.2215,0.02824517721759552
-0.221,0.028325856002798185
-0.2205,0.028406489249211395
-0.22,0.028060221950378824
-0.2195,0.028140945585898677
-0.219,0.028221644967060335
-0.2185,0.028302311851659132
-0.218,0.02795665019029106
-0.2175,0.02803739918510877
-0.217,0.02811814463712105
-0.2165,0.028198855466120398
-0.216,0.027853776453157054
-0.2155,0.02793457230716604
-0.215,0.0280153437073549
-0.2145,0.02809608052954163
-0.214,0.02775161887447825
-0.2135,0.027832443521148713
-0.213,0.027913244748378474
-0.2125,0.027994031611469693
-0.212,0.027650154629875343
-0.2115,0.027731006071099924
-0.211,0.02781185605087942
-0.2105,0.027892664950695714
-0.21,0.027549388492618326
-0.2095,0.027630295278972334
-0.209,0.02771115493134111
-0.2085,0.027792009850999753
-0.208,0.02744933486820641
-0.2075,0.027530251571243173
-0.207,0.02761116507583705
-0.2065,0.027692055836553625
-0.206,0.02734996978874069
-0.2055,0.027430942675951277
-0.205,0.02751187932712103
-0.2045,0.027592798734793988
-0.204,0.02725131438376615
-0.2035,0.027332309270534254
-0.203,0.027413291867796834
-0.2025,0.027494246127139972
-0.202,0.027153350894499335
-0.2015,0.027234386930378808
-0.201,0.027315402673743775
-0.2005,0.027396385551860632
-0.2,0.027056094591810947
-0.1995,0.02713716364229418
-0.199,0.027218201898367208
-0.1985,0.02729922683913252
-0.198,0.026959530316443183
-0.1975,0.027040624055680213
-0.197,0.027121714999719902
-0.1965,0.027202763573961036
-0.196,0.026863660648562444
-0.1955,0.026944798532794197
-0.195,0.027025908667501475
-0.1945,0.027106991560018844
-0.194,0.02676850006859036
-0.1935,0.026849662749835673
-0.193,0.026930815109307896
-0.1925,0.027011929399788512
-0.192,0.026674019802855272
-0.1915,0.02675522521426266
-0.191,0.026836400401546095
-0.1905,0.02691755255528753
-0.19,0.026580245124491326
-0.1895,0.026661481259857515
-0.189,0.026742686974573278
-0.1885,0.026823880307556322
-0.188,0.026487161113670367
-0.1875,0.026568424192309592
-0.187,0.026649666913780262
-0.1865,0.02673089267714719
-0.186,0.026394769268837895
-0.1855,0.026476070891822703
-0.185,0.02655734044966719
-0.1845,0.02663860297257927
-0.184,0.02630306676055044
-0.1835,0.02638440946633514
-0.183,0.026465714078867303
-0.1825,0.026547015504407242
-0.182,0.026212068864981217
-0.1815,0.02629344402806669
-0.181,0.026374782757088867
-0.1805,0.02645610323233737
-0.18,0.026121758180296637
-0.1795,0.026203157709347922
-0.179,0.02628453183670931
-0.1785,0.026365883701326122
-0.178,0.026032136777396814
-0.1775,0.026113564742384052
-0.177,0.026194979927740274
-0.1765,0.02627635671697585
-0.176,0.02594321547299815
-0.1755,0.026024662929346475
-0.175,0.02610610578255633
-0.1745,0.026187520884894972
-0.174,0.025854966766276025
-0.1735,0.025936454625502262
-0.173,0.02601793365870706
-0.1725,0.026099381993224757
-0.172,0.025767420054472225
-0.1715,0.025848935102446992
-0.171,0.025930455196106462
-0.1705,0.02601192923240922
-0.17,0.025680552561289472
-0.1695,0.02576210866181705
-0.169,0.025843647762142326
-0.1685,0.025925158599970296
-0.168,0.02559437503442268
-0.1675,0.025675963553346715
-0.167,0.025757530074284007
-0.1665,0.025839087424801645
-0.166,0.02550888303894806
-0.1655,0.025590504687612512
-0.165,0.02567210783340859
-0.1645,0.025753686297245504
-0.164,0.025424079619604047
-0.1635,0.025505734146985846
-0.163,0.025587367868122487
-0.1625,0.025668981384501133
-0.162,0.02533996719596633
-0.1615,0.025421649350406847
-0.161,0.02550331592746583
-0.1605,0.02558495727904183
-0.16,0.025256533857618845
-0.1595,0.0253382515767866
-0.159,0.025419955731711765
-0.1585,0.025501612563745654
-0.158,0.025173789421609187
-0.1575,0.025255528731751895
-0.157,0.025337265048720144
-0.1565,0.02541896142553715
-0.156,0.02509173267486738
-0.1555,0.02517349973811953
-0.155,0.025255269700663042
-0.1545,0.025336986994490864
-0.154,0.025010341407624637
-0.1535,0.02509215223392513
-0.153,0.02517393809228963
-0.1525,0.02525570581683479
-0.152,0.02492964033886441
-0.1515,0.02501147622315659
-0.151,0.025093300786256628
-0.1505,0.02517510203094002
-0.15,0.08515615804813523
-0.1495,0.08522686962400418
-0.149,0.08529756649160986
-0.1485,0.08536824417435472
-0.148,0.08501951221955623
-0.1475,0.08509026798508214
-0.147,0.08516101216489039
-0.1465,0.08523174209213151
-0.146,0.08488358354672525
-0.1455,0.08495438492050256
-0.145,0.08502518424970307
-0.1445,0.08509595409435702
-0.144,0.08474837519061294
-0.1435,0.08481923300031814
-0.143,0.08489005490178535
-0.1425,0.0849608737537058
-0.142,0.08461389248433883
-0.1415,0.08468478995345552
-0.141,0.08475566267874009
-0.1405,0.08482653621280929
-0.14,0.08448013281775907
-0.1395,0.08455107242627591
-0.139,0.08462198181979035
-0.1385,0.08469289236528449
-0.138,0.0843470857211916
-0.1375,0.08441806147468417
-0.137,0.08448902045582349
-0.1365,0.08455997982238363
-0.136,0.08421475232219913
-0.1355,0.084285774594866
-0.135,0.08435678151836501
-0.1345,0.08442777366573972
-0.134,0.08408312943308484
-0.1335,0.08415420264257467
-0.133,0.08422525251217496
-0.1325,0.08429629305682226
-0.132,0.0839522346291557
-0.1315,0.08402334117666575
-0.131,0.08409443017573587
-0.1305,0.08416552658130362
-0.13,0.08382203853297411
-0.1295,0.08389319942871704
-0.129,0.08396434289938512
-0.1285,0.08403545983228371
-0.128,0.08369256576186207
-0.1275,0.08376377481637802
-0.127,0.08383495037568658
-0.1265,0.08390612004600875
-0.126,0.0835638164708893
-0.1255,0.08363505323117942
-0.125,0.08370627622746475
-0.1245,0.08377749149591215
-0.124,0.08343576171200709
-0.1235,0.08350705658208592
-0.123,0.0835783172695169
-0.1225,0.08364957035443495
-0.122,0.08330842881335344
-0.1215,0.08337975166009273
-0.121,0.0834510629027462
-0.1205,0.08352236957164551
-0.12,0.08318179814045538
-0.1195,0.08325317894551813
-0.119,0.0833245281840136
-0.1185,0.08339587034962295
-0.118,0.08305588213251765
-0.1175,0.08312730488360008
-0.117,0.08319869984198648
-0.1165,0.08327007911531577
-0.116,0.08293068726856097
-0.1155,0.08300213721840431
-0.115,0.08307357932861077
-0.1145,0.08314500755908145
-0.114,0.08280618240234698
-0.1135,0.08287768376659213
-0.113,0.08294917022870694
-0.1125,0.08302062822314983
-0.112,0.0826823996683885
-0.1115,0.08275393327254747
-0.111,0.08282545922252868
-0.1105,0.08289697506622948
-0.11,0.08255931680041609
-0.1095,0.08263089608633696
-0.109,0.0827024696957754
-0.1085,0.08277401227408136
-0.108,0.08243693580244371
-0.1075,0.08250856787997478
-0.107,0.08258016947844309
-0.1065,0.08265176111073505
-0.106,0.08231527360265742
-0.1055,0.08238693267076538
-0.105,0.08245858468889102
-0.1045,0.08253021696209088
-0.104,0.08219429923527977
-0.1035,0.08226600268302389
-0.103,0.08233770890226985
-0.1025,0.08240937507584213
-0.102,0.08207404078135234
-0.1015,0.08214578925693171
-0.101,0.08221752764586256
-0.1005,0.0822892360690062
-0.1,0.09214939517039354
-0.0995,0.09221854051559712
-0.099,0.09228766665483107
-0.0985,0.09235677370383723
-0.098,0.09201713420613955
-0.0975,0.0920863177995446
-0.097,0.09215549649395541
-0.0965,0.09222464401900364
-0.096,0.09188557839634462
-0.0955,0.09195481248822292
-0.095,0.09202402140288118
-0.0945,0.09209321805799991
-0.094,0.09175473701435541
-0.0935,0.09182400007754453
-0.093,0.09189325565885474
-0.0925,0.09196250034381957
-0.092,0.0916245818793779
-0.0915,0.09169390606220296
-0.091,0.0917631978321828
-0.0905,0.09183248294338389
-0.09,0.09149514898966123
-0.0895,0.09156450950018759
-0.089,0.09163383635444707
-0.0885,0.09170316452737297
-0.088,0.09136641123158604
-0.0875,0.09143580750272763
-0.087,0.0915051895833169
-0.0865,0.09157455672855996
-0.086,0.09123837674524059
-0.0855,0.09130781830503078
-0.085,0.09137723988474558
-0.0845,0.09144665055347889
-0.084,0.09111104108695628
-0.0835,0.09118053220177123
-0.083,0.09124999017753194
-0.0825,0.0913194446490024
-0.082,0.09098441586734256
-0.0815,0.09105394506623095
-0.081,0.09112329386592435
-0.0805,0.091192779204821
-0.08,0.0908583220437022
-0.0795,0.09092789558216656
-0.079,0.09099742789552466
-0.0785,0.09106696384610216
-0.078,0.09073308868782744
-0.0775,0.0908026866106609
-0.077,0.09087228204951998
-0.0765,0.09094185908448804
-0.076,0.09060854929737656
-0.0755,0.09067819974228111
-0.075,0.09074783804187912
-0.0745,0.09081744560594136
-0.074,0.09048472043424885
-0.0735,0.09055440444867416
-0.073,0.0906240771071317
-0.0725,0.09069373285199285
-0.072,0.09036158557520395
-0.0715,0.0904313087147134
-0.071,0.0905010286731189
-0.0705,0.09057072414664655
-0.07,0.09023914098133591
-0.0695,0.09030891308030763
-0.069,0.09037867494058198
-0.0685,0.09044840460224488
-0.068,0.09011740552473975
-0.0675,0.09018720865069073
-0.067,0.09025701002813379
-0.0665,0.09032679594461723
-0.066,0.08999635507869858
-0.0655,0.0900662092795681
-0.065,0.09013605311008611
-0.0645,0.09020586576772087
-0.064,0.08987599747679284
-0.0635,0.08994590123259368
-0.063,0.0900157727645145
-0.0625,0.09008563471725738
-0.062,0.08975633746576372
-0.0615,0.08982628365183516
-0.061,0.08989619579053132
-0.0605,0.08996609915778711
-0.06,0.0896373751515347
-0.0595,0.08970735670875972
-0.059,0.08977730906568838
-0.0585,0.0898472642271384
-0.058,0.08951910604761672
-0.0575,0.08958912802395005
-0.057,0.08965912460540477
-0.0565,0.0897291075438515
-0.056,0.08940153113094047
-0.0555,0.08947158696649703
-0.055,0.08954162306739429
-0.0545,0.08961164821167729
-0.054,0.08928463720183676
-0.0535,0.08935473853519627
-0.053,0.0894248127548359
-0.0525,0.08949488107080389
-0.052,0.08916844247928354
-0.0515,0.08923857540255399
-0.051,0.08930869436529171
-0.0505,0.08937880402405483
-0.05,0.0989865602887726
-0.0495,0.09905414175659095
-0.049,0.09912172576413412
-0.0485,0.11526325109867627
-0.048,0.09885850821890389
-0.0475,0.0989261379405244
-0.047,0.09899376659029235
-0.0465,0.11511431023542176
-0.046,0.09873115880666136
-0.0455,0.09879883457829193
-0.045,0.09886650005192775
-0.0445,0.11496606487993458
-0.044,0.09860450025916151
-0.0435,0.09867221983167832
-0.043,0.09873992697218179
-0.0425,0.11481853568668383
-0.042,0.09847853288742468
-0.0415,0.09854629377095551
-0.041,0.09861403256364895
-0.0405,0.11467168989320153
-0.04,0.09835325726724396
-0.0395,0.09842105935874433
-0.039,0.09848884908975825
-0.0385,0.11452555524601715
-0.038,0.09822867899411743
-0.0375,0.09829651777021003
-0.037,0.09836434360126675
-0.0365,0.11438011231007755
-0.036,0.09810478441342364
-0.0355,0.0981726620981462
-0.035,0.09824053100042561
-0.0345,0.11423536431176536
-0.034,0.0979815712468552
-0.0335,0.09804949729239638
-0.033,0.09811739951818076
-0.0325,0.11409131835459019
-0.032,0.09785906671838619
-0.0315,0.09792702912561015
-0.031,0.09799497478650517
-0.0305,0.11394796566134631
-0.03,0.09773723728141595
-0.0295,0.09780524241180828
-0.029,0.09787323190489203
-0.0285,0.11380530321253926
-0.028,0.09761609915947184
-0.0275,0.09768414032281662
-0.027,0.09775217087084875
-0.0265,0.11366334882577189
-0.026,0.09749564548793069
-0.0255,0.09756372733513817
-0.025,0.09763179540413076
-0.0245,0.11352207830506471
-0.024,0.09737588485283727
-0.0235,0.09744399791484959
-0.023,0.09751211563337799
-0.0225,0.11338150863486988
-0.022,0.09725679664186464
-0.0215,0.09732496542631451
-0.021,0.09739311329498362
-0.0205,0.11324162502163344
-0.02,0.09713840342374058
-0.0195,0.09720660731537024
-0.019,0.09727479302839044
-0.0185,0.11310244628955074
-0.018,0.09702069187507116
-0.0175,0.09708893089885708
-0.017,0.09715715648297048
-0.0165,0.1129639496743088
-0.016,0.09690365173090904
-0.0155,0.096971944529048
-0.015,0.097040207547613
-0.0145,0.11282614267834515
-0.014,0.09678730598477932
-0.0135,0.09685563364857606
-0.013,0.09692393790234005
-0.0125,0.11268903584020545
-0.012,0.09667164680463787
-0.0115,0.09674000198420049
-0.011,0.09680835679109877
-0.0105,0.11255261399900605
-0.01,0.09655665824831959
-0.0095,0.0966250668097682
-0.009,0.09669345729487326
-0.0085,0.11241687711805184
-0.008,0.09644235605579995
-0.0075,0.09651079582268275
-0.007,0.09657921917288739
-0.0065,0.11228183529821331
-0.006,0.09632873451318844
-0.0055,0.09639721253367818
-0.005,0.09646567884614496
-0.0045,0.11214748487407421
-0.004,0.09621578968538785
-0.0035,0.09628429905622946
-0.003,0.0963528100191822
-0.0025,0.11201380768848125
-0.002,0.09610353058779697
-0.0015,0.09617207502934456
-0.001,0.0962406174423648
-0.0005,0.11188083228691874
0.0,0.1054944289400441
0.0005,0.10556057052879537
0.001,0.10562669281417343
0.0015,0.10569280295657382
0.002,0.10537071445893612
0.0025,0.10543690163463697
0.003,0.10550304982424973
0.0035,0.10556920019835635
0.004,0.10524767883232299
0.0045,0.10531389843609663
0.005,0.1053800943598601
0.0055,0.10544628531873755
0.006,0.10512531239345103
0.0065,0.10519157780268015
0.007,0.10525781865043987
0.0075,0.10532405400390944
0.008,0.10500363499571394
0.0085,0.10506994459860823
0.009,0.10513622048404186
0.0095,0.10520248658576757
0.01,0.10488265021416335
0.0105,0.10494898122253112
0.011,0.10501530204518303
0.0115,0.10508161572357841
0.012,0.10476233304469143
0.0125,0.10482869665840638
0.013,0.10489507348326925
0.0135,0.10496141350910619
0.014,0.10464269096081
0.0145,0.10470910635076225
0.015,0.10477550652831137
0.0155,0.10484189306915419
0.016,0.10452373094671263
0.0165,0.10459018576908179
0.017,0.10465662621515559
0.0175,0.10472306052975443
0.018,0.1044054503891569
0.0185,0.104471940044613
0.019,0.10453842627575495
0.0195,0.10460489250575974
0.02,0.10428783367232743
0.0205,0.10435437223745288
0.021,0.10442089178702105
0.0215,0.10448740288257874
0.022,0.10417090541299114
0.0225,0.10423748798228467
0.023,0.10430403362707769
0.0235,0.10437059211242071
0.024,0.10405465118045101
0.0245,0.10412127066276944
0.025,0.10418786792193628
0.0255,0.10425445445301232
0.026,0.10393907661971295
0.0265,0.10400572805394838
0.027,0.10407236517782778
0.0275,0.10413898983566142
0.028,0.10382416967001747
0.0285,0.10389085889274446
0.029,0.10395754215788697
0.0295,0.10402419254583253
0.03,0.10370993988049126
0.0305,0.10377665952176766
0.031,0.10384338062933471
0.0315,0.10391007837732895
0.032,0.10359637532375775
0.0325,0.10366314479275572
0.033,0.10372989468646877
0.0335,0.10379663774898469
0.034,0.10348347983367637
0.0345,0.10355029741420604
0.035,0.10361708554360427
0.0355,0.10368386660452387
0.036,0.10337127065912444
0.0365,0.10343811627414723
0.037,0.103504944500274
0.0375,0.10357175836243389
0.038,0.10325971434467833
0.0385,0.10332660750148195
0.039,0.10339346844366246
0.0395,0.10346033653147522
0.04,0.10314884154619092
0.0405,0.10321576779339886
0.041,0.10328267786038421
0.0415,0.1033495727678729
0.042,0.10303863644333337
0.0425,0.10310559808888459
0.043,0.10317254605709739
0.0435,0.10323947178213407
0.044,0.10292910411090593
0.0445,0.10299610305008515
0.045,0.10306308617799102
0.0455,0.10313005107595331
0.046,0.10282023119967633
0.0465,0.10288726716437509
0.047,0.10295428663126655
0.0475,0.10302129246866644
0.048,0.10271201855181587
0.0485,0.10277910442983551
0.049,0.10284615885796412
0.0495,0.10291321007942264
0.05,0.11203446760989846
0.0505,0.11209913233824355
0.051,0.11216377136897776
0.0515,0.11222839336671311
0.052,0.11191473710319112
0.0525,0.11197943872012915
0.053,0.11204411745515355
0.0535,0.11210878201171477
0.054,0.11179568138801957
0.0545,0.1118604131303898
0.055,0.11192513674989378
0.0555,0.11198984599065878
0.056,0.11167729545394973
0.0565,0.11174207517036541
0.057,0.1118068291643833
0.0575,0.11187157269806776
0.058,0.1115595792707046
0.0585,0.11162439593520905
0.059,0.11168919280234552
0.0595,0.11175396702546533
0.06,0.11144253472261953
0.0605,0.11150738286494963
0.061,0.11157222351659754
0.0615,0.11163704916973637
0.062,0.11132614978010615
0.0625,0.11139103623969707
0.063,0.11145592312073598
0.0635,0.11152077927713348
0.064,0.11121044523483997
0.0645,0.11127537455126843
0.065,0.11134029211757618
0.0655,0.11140519171608224
0.066,0.11109540389415871
0.0665,0.11116037081883451
0.067,0.1112253213253926
0.0675,0.11129027260044988
0.068,0.11098102951037189
0.0685,0.11104603977516363
0.069,0.11111103124977688
0.0695,0.11117600549241363
0.07,0.1108673277989636
0.0705,0.11093237348788107
0.071,0.11099740462569699
0.0715,0.1110624168625994
0.072,0.1107542843328179
0.0725,0.11081936513775863
0.073,0.1108844452734002
0.0735,0.11094948891398887
0.074,0.11064190815009434
0.0745,0.11070702612032784
0.075,0.11077214147265896
0.0755,0.11083723288791028
0.076,0.11053019307232906
0.0765,0.11059535580802797
0.077,0.11066050246030805
0.0775,0.11072563539201517
0.078,0.11041915291110327
0.0785,0.11048435044236982
0.079,0.11054952962330157
0.0795,0.11061470598418507
0.08,0.1103087583357823
0.0805,0.11037400102773683
0.081,0.11043922807390609
0.0815,0.11050444547436768
0.082,0.11019904368543465
0.0825,0.11026432744022947
0.083,0.11032957684148
0.0835,0.1103948294131975
0.084,0.11008998941619834
0.0845,0.1101553041082541
0.085,0.1102205980320363
0.0855,0.11028588150850298
0.086,0.10998158926976029
0.0865,0.11004693075638579
0.087,0.11011227852699712
0.0875,0.11017759726975318
0.088,0.10987384928190118
0.0885,0.10993923895204512
0.089,0.11000462197719782
0.0895,0.11006997902949439
0.09,0.10976677696232488
0.0905,0.10983220615570374
0.091,0.10989760970260107
0.0915,0.10996301894661518
0.092,0.10966035774007397
0.0925,0.10972582881664704
0.093,0.10979126673590242
0.0935,0.10985671233451602
0.094,0.1095545932131201
0.0945,0.10962010056549117
0.095,0.10968558949359394
0.0955,0.10975106957037112
0.096,0.10944950026916123
0.0965,0.10951504348375293
0.097,0.10958056715324277
0.0975,0.10964607003553209
0.098,0.10934505955496837
0.0985,0.10941062440023623
0.099,0.10947619692471522
0.0995,0.1095417390869925
0.1,0.1351023312188996
0.1005,0.13516012398471833
0.101,0.13521792584131762
0.1015,0.1352757098995137
0.102,0.13533348039974094
0.1025,0.13539126404705673
0.103,0.13544901724231664
0.1035,0.13550678463949206
0.104,0.13556453829231174
0.1045,0.13562229030302606
0.105,0.13568002615897742
0.1055,0.13573776073294977
0.106,0.13579549278960432
0.1065,0.13585319419113473
0.107,0.13591092804834437
0.1075,0.13596862201017565
0.108,0.13602632471645182
0.1085,0.1360840220686142
0.109,0.13614170795219108
0.1095,0.13619939042808935
0.11,0.13625705447055345
0.1105,0.13631474175667885
0.111,0.13637238411725758
0.1115,0.13643004682404292
0.112,0.13648769329541297
0.1125,0.13654533675471617
0.113,0.13660296961704757
0.1135,0.13666059718672477
0.114,0.13671821676536605
0.1145,0.1367758226987133
0.115,0.1368334503097071
0.1155,0.13689103475668088
0.116,0.13694863794575646
0.1165,0.1370062335022081
0.117,0.13706380753936426
0.1175,0.1371213854872375
0.118,0.137178949462515
0.1185,0.13723651905820905
0.119,0.13729406994835103
0.1195,0.13735162758054376
0.12,0.13740917004714306
0.1205,0.13746670309067477
0.121,0.13752424244100672
0.1215,0.13758175479243553
0.122,0.1376392782154635
0.1225,0.13769678652383224
0.123,0.13775429826793198
0.1235,0.1378117880752539
0.124,0.1378692833403774
0.1245,0.13792676683740446
0.125,0.13798423830502496
0.1255,0.13804171959480802
0.126,0.13809917281474585
0.1265,0.13815664918017595
0.127,0.13821409124745554
0.1275,0.13827154499054622
0.128,0.1383289810824831
0.1285,0.1383864100018357
0.129,0.13844385330199227
0.1295,0.1385012480608847
0.13,0.13855868020567466
0.1305,0.13861608456776262
0.131,0.1386734866983449
0.1315,0.13873087841788015
0.132,0.13878827286654094
0.1325,0.13884565501468982
0.133,0.1389030195975915
0.1335,0.13896040313296254
0.134,0.13901775807993075
0.1345,0.13907511893185573
0.135,0.13913247244538546
0.1355,0.1391898104239251
0.136,0.1392471534024028
0.1365,0.139304474110141
0.137,0.1393618107946968
0.1375,0.13941911587857667
0.138,0.13947644015269617
0.1385,0.13953374828428464
0.139,0.13959104685670728
0.1395,0.13964834064998707
